CREATE DATABASE  IF NOT EXISTS `martfury_shop` /*!40100 DEFAULT CHARACTER SET utf8mb4 COLLATE utf8mb4_0900_ai_ci */ /*!80016 DEFAULT ENCRYPTION='N' */;
USE `martfury_shop`;
-- MySQL dump 10.13  Distrib 8.0.32, for Win64 (x86_64)
--
-- Host: localhost    Database: martfury_shop
-- ------------------------------------------------------
-- Server version	8.0.32

/*!40101 SET @OLD_CHARACTER_SET_CLIENT=@@CHARACTER_SET_CLIENT */;
/*!40101 SET @OLD_CHARACTER_SET_RESULTS=@@CHARACTER_SET_RESULTS */;
/*!40101 SET @OLD_COLLATION_CONNECTION=@@COLLATION_CONNECTION */;
/*!50503 SET NAMES utf8 */;
/*!40103 SET @OLD_TIME_ZONE=@@TIME_ZONE */;
/*!40103 SET TIME_ZONE='+00:00' */;
/*!40014 SET @OLD_UNIQUE_CHECKS=@@UNIQUE_CHECKS, UNIQUE_CHECKS=0 */;
/*!40014 SET @OLD_FOREIGN_KEY_CHECKS=@@FOREIGN_KEY_CHECKS, FOREIGN_KEY_CHECKS=0 */;
/*!40101 SET @OLD_SQL_MODE=@@SQL_MODE, SQL_MODE='NO_AUTO_VALUE_ON_ZERO' */;
/*!40111 SET @OLD_SQL_NOTES=@@SQL_NOTES, SQL_NOTES=0 */;

--
-- Table structure for table `app_roles`
--

DROP TABLE IF EXISTS `app_roles`;
/*!40101 SET @saved_cs_client     = @@character_set_client */;
/*!50503 SET character_set_client = utf8mb4 */;
CREATE TABLE `app_roles` (
  `id` int NOT NULL AUTO_INCREMENT,
  `name` varchar(20) DEFAULT NULL,
  PRIMARY KEY (`id`)
) ENGINE=InnoDB AUTO_INCREMENT=3 DEFAULT CHARSET=utf8mb4 COLLATE=utf8mb4_0900_ai_ci;
/*!40101 SET character_set_client = @saved_cs_client */;

--
-- Dumping data for table `app_roles`
--

LOCK TABLES `app_roles` WRITE;
/*!40000 ALTER TABLE `app_roles` DISABLE KEYS */;
INSERT INTO `app_roles` VALUES (1,'ROLE_USER'),(2,'ROLE_ADMIN');
/*!40000 ALTER TABLE `app_roles` ENABLE KEYS */;
UNLOCK TABLES;

--
-- Table structure for table `cart_details`
--

DROP TABLE IF EXISTS `cart_details`;
/*!40101 SET @saved_cs_client     = @@character_set_client */;
/*!50503 SET character_set_client = utf8mb4 */;
CREATE TABLE `cart_details` (
  `cart_detail_id` bigint NOT NULL AUTO_INCREMENT,
  `price` double DEFAULT NULL,
  `quantity` int NOT NULL,
  `cart_id` bigint DEFAULT NULL,
  `product_id` bigint DEFAULT NULL,
  `size` varchar(45) DEFAULT NULL,
  PRIMARY KEY (`cart_detail_id`),
  KEY `FKkcochhsa891wv0s9wrtf36wgt` (`cart_id`),
  KEY `FK9rlic3aynl3g75jvedkx84lhv` (`product_id`),
  CONSTRAINT `FK9rlic3aynl3g75jvedkx84lhv` FOREIGN KEY (`product_id`) REFERENCES `products` (`product_id`),
  CONSTRAINT `FKkcochhsa891wv0s9wrtf36wgt` FOREIGN KEY (`cart_id`) REFERENCES `carts` (`cart_id`)
) ENGINE=InnoDB AUTO_INCREMENT=278 DEFAULT CHARSET=utf8mb4 COLLATE=utf8mb4_0900_ai_ci;
/*!40101 SET character_set_client = @saved_cs_client */;

--
-- Dumping data for table `cart_details`
--

LOCK TABLES `cart_details` WRITE;
/*!40000 ALTER TABLE `cart_details` DISABLE KEYS */;
INSERT INTO `cart_details` VALUES (82,1350000,3,2,9,'S'),(151,2136000,4,5,4,'S'),(275,1215000,3,4,3,'S'),(276,649900,1,4,6,'S'),(277,124800,1,4,8,'S');
/*!40000 ALTER TABLE `cart_details` ENABLE KEYS */;
UNLOCK TABLES;

--
-- Table structure for table `carts`
--

DROP TABLE IF EXISTS `carts`;
/*!40101 SET @saved_cs_client     = @@character_set_client */;
/*!50503 SET character_set_client = utf8mb4 */;
CREATE TABLE `carts` (
  `cart_id` bigint NOT NULL AUTO_INCREMENT,
  `address` varchar(255) DEFAULT NULL,
  `phone` varchar(255) DEFAULT NULL,
  `user_id` bigint DEFAULT NULL,
  PRIMARY KEY (`cart_id`),
  KEY `FKb5o626f86h46m4s7ms6ginnop` (`user_id`),
  CONSTRAINT `FKb5o626f86h46m4s7ms6ginnop` FOREIGN KEY (`user_id`) REFERENCES `users` (`user_id`)
) ENGINE=InnoDB AUTO_INCREMENT=7 DEFAULT CHARSET=utf8mb4 COLLATE=utf8mb4_0900_ai_ci;
/*!40101 SET character_set_client = @saved_cs_client */;

--
-- Dumping data for table `carts`
--

LOCK TABLES `carts` WRITE;
/*!40000 ALTER TABLE `carts` DISABLE KEYS */;
INSERT INTO `carts` VALUES (1,'Hà Tĩnh','0967291997',2),(2,'dd, Phường Đồng Xuân, Quận Hoàn Kiếm, Thành phố Hà Nội','0916891997',3),(3,'168, Xã Na Khê, Huyện Yên Minh, Tỉnh Hà Giang','0916855648',4),(4,'A99, Xã Cao Sơn, Huyện Bạch Thông, Tỉnh Bắc Kạn (giao giờ hành chính)','0971549770',5),(5,'123, Xã Sảng Tủng, Huyện Đồng Văn, Tỉnh Hà Giang','0971549770',6),(6,'thường tín','0971549770',7);
/*!40000 ALTER TABLE `carts` ENABLE KEYS */;
UNLOCK TABLES;

--
-- Table structure for table `categories`
--

DROP TABLE IF EXISTS `categories`;
/*!40101 SET @saved_cs_client     = @@character_set_client */;
/*!50503 SET character_set_client = utf8mb4 */;
CREATE TABLE `categories` (
  `category_id` bigint NOT NULL AUTO_INCREMENT,
  `category_name` varchar(255) DEFAULT NULL,
  PRIMARY KEY (`category_id`)
) ENGINE=InnoDB AUTO_INCREMENT=14 DEFAULT CHARSET=utf8mb4 COLLATE=utf8mb4_0900_ai_ci;
/*!40101 SET character_set_client = @saved_cs_client */;

--
-- Dumping data for table `categories`
--

LOCK TABLES `categories` WRITE;
/*!40000 ALTER TABLE `categories` DISABLE KEYS */;
INSERT INTO `categories` VALUES (1,'Đầm'),(2,'Áo khoác'),(3,'Áo len'),(4,'Quần '),(5,'Chân váy'),(6,'Áo sơ mi & Áo kiểu');
/*!40000 ALTER TABLE `categories` ENABLE KEYS */;
UNLOCK TABLES;

--
-- Table structure for table `contact`
--

DROP TABLE IF EXISTS `contact`;
/*!40101 SET @saved_cs_client     = @@character_set_client */;
/*!50503 SET character_set_client = utf8mb4 */;
CREATE TABLE `contact` (
  `id` int NOT NULL AUTO_INCREMENT,
  `email` varchar(45) NOT NULL,
  `title` varchar(255) NOT NULL,
  `content` varchar(255) NOT NULL,
  `name` varchar(45) DEFAULT NULL,
  `date` date DEFAULT NULL,
  PRIMARY KEY (`id`)
) ENGINE=InnoDB AUTO_INCREMENT=18 DEFAULT CHARSET=utf8mb4 COLLATE=utf8mb4_0900_ai_ci;
/*!40101 SET character_set_client = @saved_cs_client */;

--
-- Dumping data for table `contact`
--

LOCK TABLES `contact` WRITE;
/*!40000 ALTER TABLE `contact` DISABLE KEYS */;
INSERT INTO `contact` VALUES (5,'daothithuy.27092001@gmail.com','h','h','f','2023-04-24'),(6,'daothithuy.27092001@gmail.com','Hỏi giá ship','Shop ơi tiền ship một đơn hàng hết bn đấy ạ','ĐÀO THI THÚY','2023-04-25'),(7,'thuy2001@gmail.com','Hỏi địa chỉ','Shop ơi, shop ở địa chỉ nào thế ạ','Loan','2023-04-25'),(8,'thuydt.27092001@gmail.com','Hỏi kích thước','Shop ơi 40kg có mặc vừa không ạ','Hảo','2023-04-25'),(9,'daothithuy.27092001@gmail.com','Hỏi thời gian giao hàng','Shop ơi thời gian giao hàng khoảng mấy ngày ạ','Thúy','2023-04-25'),(10,'daothithuy.27092001@gmail.com','sáÁ','sÁa','sds','2023-04-25'),(11,'thaonoi2310@gmail.com','abc','Xin chào','Thảo','2023-04-25'),(12,'thuydt.27092001@gmail.com','abc','abc','thuy','2023-04-25'),(13,'thuydt.27092001@gmail.com','abc','dèd','Thúy','2023-04-25'),(14,'daothithuy.27092001@gmail.com','sSa','Sá','sa','2023-04-28'),(15,'daothithuy.27092001@gmail.com','DSA','SADSA','ĐÁ','2023-04-28'),(16,'daothithuy.27092001@gmail.com','asdsd','dsada','sds','2023-05-02'),(17,'daothithuy.27092001@gmail.com','ff','ff','abc','2023-05-07');
/*!40000 ALTER TABLE `contact` ENABLE KEYS */;
UNLOCK TABLES;

--
-- Table structure for table `favorites`
--

DROP TABLE IF EXISTS `favorites`;
/*!40101 SET @saved_cs_client     = @@character_set_client */;
/*!50503 SET character_set_client = utf8mb4 */;
CREATE TABLE `favorites` (
  `favorite_id` bigint NOT NULL AUTO_INCREMENT,
  `product_id` bigint DEFAULT NULL,
  `user_id` bigint DEFAULT NULL,
  PRIMARY KEY (`favorite_id`),
  KEY `FK6sgu5npe8ug4o42bf9j71x20c` (`product_id`),
  KEY `FKk7du8b8ewipawnnpg76d55fus` (`user_id`),
  CONSTRAINT `FK6sgu5npe8ug4o42bf9j71x20c` FOREIGN KEY (`product_id`) REFERENCES `products` (`product_id`),
  CONSTRAINT `FKk7du8b8ewipawnnpg76d55fus` FOREIGN KEY (`user_id`) REFERENCES `users` (`user_id`)
) ENGINE=InnoDB AUTO_INCREMENT=40 DEFAULT CHARSET=utf8mb4 COLLATE=utf8mb4_0900_ai_ci;
/*!40101 SET character_set_client = @saved_cs_client */;

--
-- Dumping data for table `favorites`
--

LOCK TABLES `favorites` WRITE;
/*!40000 ALTER TABLE `favorites` DISABLE KEYS */;
INSERT INTO `favorites` VALUES (1,5,3),(13,54,3),(14,36,4),(15,4,4),(16,5,4),(17,8,4),(18,7,4),(19,33,4),(20,32,4),(22,3,3),(38,16,5),(39,51,5);
/*!40000 ALTER TABLE `favorites` ENABLE KEYS */;
UNLOCK TABLES;

--
-- Table structure for table `images`
--

DROP TABLE IF EXISTS `images`;
/*!40101 SET @saved_cs_client     = @@character_set_client */;
/*!50503 SET character_set_client = utf8mb4 */;
CREATE TABLE `images` (
  `image_id` int NOT NULL AUTO_INCREMENT,
  `product_id` bigint DEFAULT NULL,
  `file` varchar(255) DEFAULT NULL,
  PRIMARY KEY (`image_id`),
  KEY `bac_idx` (`product_id`) /*!80000 INVISIBLE */,
  CONSTRAINT `bac` FOREIGN KEY (`product_id`) REFERENCES `products` (`product_id`)
) ENGINE=InnoDB AUTO_INCREMENT=337 DEFAULT CHARSET=utf8mb4 COLLATE=utf8mb4_0900_ai_ci;
/*!40101 SET character_set_client = @saved_cs_client */;

--
-- Dumping data for table `images`
--

LOCK TABLES `images` WRITE;
/*!40000 ALTER TABLE `images` DISABLE KEYS */;
INSERT INTO `images` VALUES (1,3,'https://res.cloudinary.com/martfury/image/upload/v1684418572/products/aw4ffprai6ffajse4wxg.jpg'),(2,3,'https://res.cloudinary.com/martfury/image/upload/v1684418573/products/g9eipyvm9xdiuxc1xmq7.jpg'),(3,3,'https://res.cloudinary.com/martfury/image/upload/v1684418572/products/ehcs9k5yt7rta78kg7yf.jpg'),(5,4,'https://res.cloudinary.com/martfury/image/upload/v1684423943/products/bcpizuk3bcyzdmlv2xsw.jpg'),(6,4,'https://res.cloudinary.com/martfury/image/upload/v1684423943/products/mmbpfypp5rpsa4c0rf5q.jpg'),(8,4,'https://res.cloudinary.com/martfury/image/upload/v1684423943/products/inhkwjlc7irobstniqve.jpg'),(10,5,'https://res.cloudinary.com/martfury/image/upload/v1684423957/products/rvei5udptybki5rtwngp.jpg'),(11,5,'https://res.cloudinary.com/martfury/image/upload/v1684423956/products/c2nqyrvacx1loaipv9pw.jpg'),(12,5,'https://res.cloudinary.com/martfury/image/upload/v1684423956/products/ptbk2iigz7kerwoifrrz.jpg'),(14,6,'https://res.cloudinary.com/martfury/image/upload/v1684423985/products/g3ytzyzyvdigghwaux0n.jpg'),(15,6,'https://res.cloudinary.com/martfury/image/upload/v1684423985/products/xhcl0gnvpeva4pkrivv1.jpg'),(16,6,'https://res.cloudinary.com/martfury/image/upload/v1684423985/products/o08pydxqlep2dkyasolx.jpg'),(18,7,'https://res.cloudinary.com/martfury/image/upload/v1684424052/products/serhn5aghnxtglxxykou.jpg'),(19,7,'https://res.cloudinary.com/martfury/image/upload/v1684424052/products/gwfrnyqurnuxr5skg4kp.jpg'),(20,7,'https://res.cloudinary.com/martfury/image/upload/v1684424052/products/bdsaaeqtkukyxncltz4v.jpg'),(22,8,'https://res.cloudinary.com/martfury/image/upload/v1684424067/products/aneu5sxomlag5ra1mpwo.jpg'),(23,8,'https://res.cloudinary.com/martfury/image/upload/v1684424067/products/rdlzzfltyfndcecctndu.jpg'),(24,8,'https://res.cloudinary.com/martfury/image/upload/v1684424068/products/iplvxwgakheyp8fczxgy.jpg'),(26,9,'https://res.cloudinary.com/martfury/image/upload/v1684424082/products/xnetcruu0g4rsyo4lifr.jpg'),(27,9,'https://res.cloudinary.com/martfury/image/upload/v1684424081/products/bb65waxdjtwhtzw9oy4z.jpg'),(28,9,'https://res.cloudinary.com/martfury/image/upload/v1684424081/products/ew2wuybrij3x8gjk7xmx.jpg'),(29,10,'https://res.cloudinary.com/martfury/image/upload/v1684424093/products/gjlegaqhsmexbmpgow2u.jpg'),(30,10,'https://res.cloudinary.com/martfury/image/upload/v1684424093/products/akwwesyixk680goffq0v.jpg'),(31,10,'https://res.cloudinary.com/martfury/image/upload/v1684424093/products/jkste5twityrgsaxsnmk.jpg'),(32,11,'https://res.cloudinary.com/martfury/image/upload/v1684424110/products/toz4xhyaegc3riwkoxfd.jpg'),(33,11,'https://res.cloudinary.com/martfury/image/upload/v1684424109/products/ckevgquynmbmu4wwr8uy.jpg'),(34,11,'https://res.cloudinary.com/martfury/image/upload/v1684424110/products/avkdlouvmd2pgl5pfcl4.jpg'),(35,12,'https://res.cloudinary.com/martfury/image/upload/v1684424128/products/xsiekavijc23plmdbgo4.jpg'),(36,12,'https://res.cloudinary.com/martfury/image/upload/v1684424128/products/o0gspil8t3p3a6dcel5j.jpg'),(37,12,'https://res.cloudinary.com/martfury/image/upload/v1684424129/products/r53spvso8gm5htkveswj.jpg'),(38,13,'https://res.cloudinary.com/martfury/image/upload/v1684424153/products/jnacv3l7d4dbhew2n8nn.jpg'),(39,13,'https://res.cloudinary.com/martfury/image/upload/v1684424153/products/lunkinwmgtv6wp65w3y5.jpg'),(40,13,'https://res.cloudinary.com/martfury/image/upload/v1684424155/products/bgjtgciv3qgbcs25gdqo.jpg'),(41,14,'https://res.cloudinary.com/martfury/image/upload/v1684424174/products/xostrad7oalqpuuwi8ms.jpg'),(42,14,'https://res.cloudinary.com/martfury/image/upload/v1684424174/products/qpy1og1e75hoqmlr3zrh.jpg'),(43,14,'https://res.cloudinary.com/martfury/image/upload/v1684424174/products/g2gvu4ighjl0vwzfywdi.jpg'),(44,15,'https://res.cloudinary.com/martfury/image/upload/v1684424198/products/cs59aunn0guiwmiq7uck.jpg'),(45,15,'https://res.cloudinary.com/martfury/image/upload/v1684424198/products/r4xbygyctymhmfzyzj4s.jpg'),(46,16,'https://res.cloudinary.com/martfury/image/upload/v1684424233/products/vgwfzok08cvqe5vkug5f.jpg'),(47,16,'https://res.cloudinary.com/martfury/image/upload/v1684424234/products/npnn2z2dll333v78uyo1.jpg'),(48,16,'https://res.cloudinary.com/martfury/image/upload/v1684424234/products/xe2api25fsy2co6uizvt.jpg'),(49,17,'https://res.cloudinary.com/martfury/image/upload/v1684424258/products/euzyqlmhuyo2odkxx8h4.jpg'),(50,17,'https://res.cloudinary.com/martfury/image/upload/v1684424258/products/afwnke4djxtpyrv7tr2s.jpg'),(51,17,'https://res.cloudinary.com/martfury/image/upload/v1684424258/products/teq4prxdjidoktfnohtd.jpg'),(52,18,'https://res.cloudinary.com/martfury/image/upload/v1684424279/products/ojlut4uvasibf7bkbpdw.jpg'),(53,18,'https://res.cloudinary.com/martfury/image/upload/v1684424279/products/we7uxpiyd4tnzsdyfu1h.jpg'),(54,18,'https://res.cloudinary.com/martfury/image/upload/v1684424279/products/cgathfagd1jneuoxkyob.jpg'),(55,19,'https://res.cloudinary.com/martfury/image/upload/v1684424299/products/oopym9sxstykgdjgfhrs.jpg'),(56,19,'https://res.cloudinary.com/martfury/image/upload/v1684424299/products/h7ukpddql6dupdcckfur.jpg'),(57,19,'https://res.cloudinary.com/martfury/image/upload/v1684424299/products/w9ycp8chsub4ghiorxps.jpg'),(58,20,'https://res.cloudinary.com/martfury/image/upload/v1684424318/products/nygis8stmgout24cxxwr.jpg'),(59,20,'https://res.cloudinary.com/martfury/image/upload/v1684424318/products/b0py3jzfb6hzk1dgx5rv.jpg'),(60,20,'https://res.cloudinary.com/martfury/image/upload/v1684424319/products/it0iy0yqtbsqdctfhyge.jpg'),(61,21,'https://res.cloudinary.com/martfury/image/upload/v1684424331/products/qqouwqsosbw5lmnodhrx.jpg'),(62,21,'https://res.cloudinary.com/martfury/image/upload/v1684424330/products/b8b5oz3hdbwva1bcts3s.jpg'),(63,21,'https://res.cloudinary.com/martfury/image/upload/v1684424330/products/zxdxpspshlvkdeaegpbj.jpg'),(64,22,'https://res.cloudinary.com/martfury/image/upload/v1684424350/products/yvyokvplqabw0j3a7qca.jpg'),(65,22,'https://res.cloudinary.com/martfury/image/upload/v1684424350/products/pswmrtyblqy7f874sa2c.jpg'),(66,22,'https://res.cloudinary.com/martfury/image/upload/v1684424350/products/dpnxnayz8axmbdmxexte.jpg'),(67,23,'https://res.cloudinary.com/martfury/image/upload/v1684424364/products/ygzkkxyx7esmnk9xckvm.jpg'),(68,23,'https://res.cloudinary.com/martfury/image/upload/v1684424364/products/kyps3unjezfa2aztizmy.jpg'),(69,23,'https://res.cloudinary.com/martfury/image/upload/v1684424364/products/jteajq9gjeosih5p17qm.jpg'),(70,24,'https://res.cloudinary.com/martfury/image/upload/v1684424380/products/baez9q8xjqrnpu4tvinb.jpg'),(71,24,'https://res.cloudinary.com/martfury/image/upload/v1684424380/products/wng0ota43er6icevadxp.jpg'),(72,24,'https://res.cloudinary.com/martfury/image/upload/v1684424380/products/vqrfjljbkmwuzpdlgdkp.jpg'),(73,25,'https://res.cloudinary.com/martfury/image/upload/v1684424398/products/oivbhdmzdevhlr4ta01d.jpg'),(74,25,'https://res.cloudinary.com/martfury/image/upload/v1684424398/products/x8wrznq5veq70llgnilm.jpg'),(75,25,'https://res.cloudinary.com/martfury/image/upload/v1684424398/products/yvuc9dkqzl6we98icy2n.jpg'),(76,26,'https://res.cloudinary.com/martfury/image/upload/v1684424409/products/axkd13lrpctugmaivzdd.jpg'),(77,26,'https://res.cloudinary.com/martfury/image/upload/v1684424410/products/enf6vlgjtkr4r0vs1e0k.jpg'),(78,26,'https://res.cloudinary.com/martfury/image/upload/v1684424410/products/dom84fybnztylrscqdss.jpg'),(79,27,'https://res.cloudinary.com/martfury/image/upload/v1684424422/products/q5pz9boa3pifet7lqawr.jpg'),(80,28,'https://res.cloudinary.com/martfury/image/upload/v1684424434/products/i5t3nobrscini4dmcbda.jpg'),(81,28,'https://res.cloudinary.com/martfury/image/upload/v1684424433/products/skl22hx9idjtw6dhfyfz.jpg'),(82,28,'https://res.cloudinary.com/martfury/image/upload/v1684424434/products/c7t7og9ub1xggdnqvz5d.jpg'),(83,27,'https://res.cloudinary.com/martfury/image/upload/v1684424422/products/d3fdrbeadz6ru0egfxxv.jpg'),(84,27,'https://res.cloudinary.com/martfury/image/upload/v1684424422/products/naok57rasfybg1zpemkr.jpg'),(85,29,'https://res.cloudinary.com/martfury/image/upload/v1684424454/products/xsbvc9a1vl9hn97ohkrg.jpg'),(86,29,'https://res.cloudinary.com/martfury/image/upload/v1684424454/products/ypfmu6iujziwvntml2p9.jpg'),(87,29,'https://res.cloudinary.com/martfury/image/upload/v1684424454/products/pdg9exrqneo2myqdmfjd.jpg'),(88,30,'https://res.cloudinary.com/martfury/image/upload/v1684424474/products/bfsrcz03frziuqzve3yu.jpg'),(89,30,'https://res.cloudinary.com/martfury/image/upload/v1684424474/products/sdeidvh6sqhfkkrqwuad.jpg'),(90,30,'https://res.cloudinary.com/martfury/image/upload/v1684424474/products/bydd5vsu4rhg0e5tpfva.jpg'),(91,31,'https://res.cloudinary.com/martfury/image/upload/v1684424487/products/bax6iy3msilp6avaums8.jpg'),(92,31,'https://res.cloudinary.com/martfury/image/upload/v1684424487/products/jsyyey5a9qkwvwkfymju.jpg'),(93,31,'https://res.cloudinary.com/martfury/image/upload/v1684424487/products/e03jp9wosnrobvs7776i.jpg'),(94,32,'https://res.cloudinary.com/martfury/image/upload/v1684424505/products/mzla1bpmuiwwf0udotlh.jpg'),(95,32,'https://res.cloudinary.com/martfury/image/upload/v1684424505/products/garfnoysa5p1vmhn5kbj.jpg'),(96,32,'https://res.cloudinary.com/martfury/image/upload/v1684424506/products/vgm5oafu6nwzukbrs9aq.jpg'),(97,33,'https://res.cloudinary.com/martfury/image/upload/v1684424522/products/ab2c43q8ypejqyusxegw.jpg'),(98,33,'https://res.cloudinary.com/martfury/image/upload/v1684424521/products/ujytupug22ygp9adqaxk.jpg'),(99,33,'https://res.cloudinary.com/martfury/image/upload/v1684424521/products/vy8ljkuwtvc9fyzqolrr.jpg'),(100,34,'https://res.cloudinary.com/martfury/image/upload/v1684424533/products/tw9mxht7sasvqwqiq7xl.jpg'),(101,34,'https://res.cloudinary.com/martfury/image/upload/v1684424533/products/ojnimlu507f0ehw6islu.jpg'),(102,34,'https://res.cloudinary.com/martfury/image/upload/v1684424533/products/v22jg4sjyaxqgaw18zdt.jpg'),(103,35,'https://res.cloudinary.com/martfury/image/upload/v1684424545/products/od7crrxpcjpqmizlevnc.jpg'),(104,35,'https://res.cloudinary.com/martfury/image/upload/v1684424545/products/qkg79pvxq9zrypvyykbv.jpg'),(105,35,'https://res.cloudinary.com/martfury/image/upload/v1684424545/products/rx5ligmglhzpbt7nbmpp.jpg'),(106,36,'https://res.cloudinary.com/martfury/image/upload/v1684424558/products/ndy6z0ydlcku1b2ykkmh.jpg'),(107,36,'https://res.cloudinary.com/martfury/image/upload/v1684424558/products/zermmt42hpzwm05rh93k.jpg'),(108,36,'https://res.cloudinary.com/martfury/image/upload/v1684424559/products/lmrjxsbrhdv4tbtkw8gt.jpg'),(109,37,'https://res.cloudinary.com/martfury/image/upload/v1684424594/products/wvkrqnauvmskslocqc2g.jpg'),(110,37,'https://res.cloudinary.com/martfury/image/upload/v1684424593/products/ulm8g9fvnprbnxilzfkg.jpg'),(111,37,'https://res.cloudinary.com/martfury/image/upload/v1684424594/products/yb901ophacvnljpasxp2.jpg'),(112,38,'https://res.cloudinary.com/martfury/image/upload/v1684424606/products/q7ax2erigejynydfd38r.jpg'),(113,38,'https://res.cloudinary.com/martfury/image/upload/v1684424607/products/wpsv5fxkytvszgmq65uk.jpg'),(114,38,'https://res.cloudinary.com/martfury/image/upload/v1684424606/products/au9anhes8fq53lhvifml.jpg'),(115,39,'https://res.cloudinary.com/martfury/image/upload/v1684424619/products/yewnqtgrukxfrxnm0m2b.jpg'),(116,39,'https://res.cloudinary.com/martfury/image/upload/v1684424619/products/xz2ib67pwockbfxxnimk.jpg'),(117,39,'https://res.cloudinary.com/martfury/image/upload/v1684424620/products/ifqky9iwysklmn1tvoct.jpg'),(118,40,'https://res.cloudinary.com/martfury/image/upload/v1684424633/products/qagkcekykczf3utqfmvh.jpg'),(119,40,'https://res.cloudinary.com/martfury/image/upload/v1684424633/products/y0mfpktjuzwubge4fvpq.jpg'),(120,40,'https://res.cloudinary.com/martfury/image/upload/v1684424633/products/vdhgsirfqyyacxbpw1hv.jpg'),(121,41,'https://res.cloudinary.com/martfury/image/upload/v1684424645/products/ue5kyuatku5gexs0dcel.jpg'),(122,41,'https://res.cloudinary.com/martfury/image/upload/v1684424645/products/ukxl7aig0ssr9zdb8zcu.jpg'),(123,41,'https://res.cloudinary.com/martfury/image/upload/v1684424645/products/zw6w5zrdz5lvh2d4ac07.jpg'),(124,42,'https://res.cloudinary.com/martfury/image/upload/v1684424659/products/bfbprkocb9tiuntp40vy.jpg'),(125,42,'https://res.cloudinary.com/martfury/image/upload/v1684424658/products/jcfzhavcp0jtv6eczbfx.jpg'),(126,42,'https://res.cloudinary.com/martfury/image/upload/v1684424659/products/bzbgugc5oyiwpxu3s2ea.jpg'),(127,43,'https://res.cloudinary.com/martfury/image/upload/v1684424693/products/ls1p72w5iit8aygkgsdi.jpg'),(128,43,'https://res.cloudinary.com/martfury/image/upload/v1684424693/products/znzzvyewa7ayciknidck.jpg'),(129,43,'https://res.cloudinary.com/martfury/image/upload/v1684424693/products/hr3z5itv62lnclvnt89n.jpg'),(130,44,'https://res.cloudinary.com/martfury/image/upload/v1684424706/products/umoogw8b8xd4zjmsyo7w.jpg'),(131,44,'https://res.cloudinary.com/martfury/image/upload/v1684424706/products/c1anx4pinwmumkqidapx.jpg'),(132,44,'https://res.cloudinary.com/martfury/image/upload/v1684424706/products/slurx2veosn670caexwz.jpg'),(133,45,'https://res.cloudinary.com/martfury/image/upload/v1684424718/products/dgnskjwl2i71gsfcj1m7.jpg'),(134,45,'https://res.cloudinary.com/martfury/image/upload/v1684424718/products/zjpnhdy5yn7kb44c5ecz.jpg'),(135,45,'https://res.cloudinary.com/martfury/image/upload/v1684424718/products/gl50svncv0xdss9evquw.jpg'),(136,46,'https://res.cloudinary.com/martfury/image/upload/v1684424731/products/ved4g8oenmgr9zoknhve.jpg'),(137,46,'https://res.cloudinary.com/martfury/image/upload/v1684424732/products/gyfyfe8igb1asdc3z16s.jpg'),(138,46,'https://res.cloudinary.com/martfury/image/upload/v1684424732/products/jyka8jgwk8dzecqzlvhi.jpg'),(139,47,'https://res.cloudinary.com/martfury/image/upload/v1684424755/products/ev8gt8r0qtuqpzsij5gs.jpg'),(140,47,'https://res.cloudinary.com/martfury/image/upload/v1684424755/products/ywua9kdstsg1etxrgxge.jpg'),(141,47,'https://res.cloudinary.com/martfury/image/upload/v1684424755/products/immkwu6qsvyyufnmoegf.jpg'),(142,48,'https://res.cloudinary.com/martfury/image/upload/v1684424772/products/paajkhsq50ilb1ormhio.jpg'),(143,48,'https://res.cloudinary.com/martfury/image/upload/v1684424772/products/um1wamxl69aa4ohxeira.jpg'),(144,48,'https://res.cloudinary.com/martfury/image/upload/v1684424772/products/jaec18nlyvp9iaile6tl.jpg'),(145,49,'https://res.cloudinary.com/martfury/image/upload/v1684424783/products/x7smyr4m32vyvnkmdqou.jpg'),(146,49,'https://res.cloudinary.com/martfury/image/upload/v1684424783/products/ei8p8soed4qbacblwpez.jpg'),(147,49,'https://res.cloudinary.com/martfury/image/upload/v1684424783/products/gz3s3zmolcg9jcc0677j.jpg'),(148,50,'https://res.cloudinary.com/martfury/image/upload/v1684424796/products/cnncwr2qynxxw7rvywrz.jpg'),(149,50,'https://res.cloudinary.com/martfury/image/upload/v1684424796/products/mzkmqtjer0z4m6noanis.jpg'),(150,50,'https://res.cloudinary.com/martfury/image/upload/v1684424797/products/er0plqaura4v3rmgmvh5.jpg'),(151,51,'https://res.cloudinary.com/martfury/image/upload/v1684424815/products/xsqzm75gczuu4jq8qsh0.jpg'),(152,51,'https://res.cloudinary.com/martfury/image/upload/v1684424815/products/xtymz1mxgazplywil6xu.jpg'),(153,51,'https://res.cloudinary.com/martfury/image/upload/v1684424814/products/q4zywfhrpxileyob0myq.jpg'),(154,52,'https://res.cloudinary.com/martfury/image/upload/v1684424830/products/ifigcmskns01qodtky00.jpg'),(155,52,'https://res.cloudinary.com/martfury/image/upload/v1684424829/products/iufqkysxlf4v5fhpnjen.jpg'),(156,52,'https://res.cloudinary.com/martfury/image/upload/v1684424829/products/so3pm2we7jk6meyjtm2r.jpg'),(157,53,'https://res.cloudinary.com/martfury/image/upload/v1684424856/products/dotjcqvjjdpzo1m7eglj.jpg'),(158,53,'https://res.cloudinary.com/martfury/image/upload/v1684424856/products/ouwius2ttj5nrkgruyof.jpg'),(159,53,'https://res.cloudinary.com/martfury/image/upload/v1684424856/products/xbcvtiffmkulcz3sn5pf.jpg'),(160,54,'https://res.cloudinary.com/martfury/image/upload/v1684424879/products/ptg0znorxylcsu83w5ro.jpg'),(161,54,'https://res.cloudinary.com/martfury/image/upload/v1684424879/products/mzziuvmjypg3tdqdh7la.jpg'),(162,54,'https://res.cloudinary.com/martfury/image/upload/v1684424879/products/ugrpsnqugsut7zihylod.jpg'),(163,55,'https://res.cloudinary.com/martfury/image/upload/v1684424900/products/x99srx5gdqrlv3bfg3ie.jpg'),(164,55,'https://res.cloudinary.com/martfury/image/upload/v1684424900/products/xcxx07xbfe3xiu2coodm.jpg'),(165,55,'https://res.cloudinary.com/martfury/image/upload/v1684424900/products/ki299d5w0rlaa0lw4urk.jpg'),(166,56,'https://res.cloudinary.com/martfury/image/upload/v1684424924/products/e9u92kprdu3elgab6upf.jpg'),(167,56,'https://res.cloudinary.com/martfury/image/upload/v1684424924/products/sadyfw7zpok7ctf5gud6.jpg'),(168,56,'https://res.cloudinary.com/martfury/image/upload/v1684424925/products/w24b28faltmppvuazbza.jpg'),(169,57,'https://res.cloudinary.com/martfury/image/upload/v1684424939/products/ypulr5fy9nlp87bdehcw.jpg'),(170,57,'https://res.cloudinary.com/martfury/image/upload/v1684424939/products/gs6aetpgsjqoj289pkgu.jpg'),(171,57,'https://res.cloudinary.com/martfury/image/upload/v1684424940/products/x7awdge1gfdolojk74pi.jpg'),(172,58,'https://res.cloudinary.com/martfury/image/upload/v1684424949/products/yjabpew7pvpqeepriecy.jpg'),(173,58,'https://res.cloudinary.com/martfury/image/upload/v1684424949/products/yoee3p4zyqyq3j71cjsl.jpg'),(174,58,'https://res.cloudinary.com/martfury/image/upload/v1684321359/products/wsfw53rygclubz1jud0g.jpg'),(175,59,'https://res.cloudinary.com/martfury/image/upload/v1684424965/products/bjufwbvvvoofh6bkeedv.jpg'),(176,59,'https://res.cloudinary.com/martfury/image/upload/v1684424966/products/nf8tyj2svruavaaarqtb.jpg'),(177,59,'https://res.cloudinary.com/martfury/image/upload/v1684424967/products/cd9kxnkgvh6wtxuzyxjn.jpg'),(178,60,'https://res.cloudinary.com/martfury/image/upload/v1684420727/products/tyloiqgnrt6eoj5n1wzn.jpg'),(179,60,'https://res.cloudinary.com/martfury/image/upload/v1684420727/products/ajniputwmi1gnwe8k9vi.jpg'),(180,60,'https://res.cloudinary.com/martfury/image/upload/v1684420728/products/a4k4jdfd259ixe9ascqk.jpg'),(181,3,'https://res.cloudinary.com/martfury/image/upload/v1684418572/products/lu9g3x2pz1lllco1lna3.jpg'),(182,3,'https://res.cloudinary.com/martfury/image/upload/v1684418572/products/igaibyyk0aqimdizv92h.jpg'),(183,4,'https://res.cloudinary.com/martfury/image/upload/v1684423943/products/fjrcpye4uelrh0bdboe5.jpg'),(184,4,'https://res.cloudinary.com/martfury/image/upload/v1684423943/products/azu0nwqdievwrmq2sicd.jpg'),(185,5,'https://res.cloudinary.com/martfury/image/upload/v1684423957/products/rb2kj4icbl5buidsq7kw.jpg'),(186,5,'https://res.cloudinary.com/martfury/image/upload/v1684423957/products/vae1lgtrc42d3e7cx5cb.jpg'),(187,6,'https://res.cloudinary.com/martfury/image/upload/v1684423986/products/vskan5ssfw3zezgdpwr5.jpg'),(188,6,'https://res.cloudinary.com/martfury/image/upload/v1684423986/products/w0mnaduchhghosdvly2o.jpg'),(189,7,'https://res.cloudinary.com/martfury/image/upload/v1684424052/products/fdl9ro5tej9cqaol9lgm.jpg'),(190,7,'https://res.cloudinary.com/martfury/image/upload/v1684424052/products/unvhfnnnzcn6oynbmocu.jpg'),(191,8,'https://res.cloudinary.com/martfury/image/upload/v1684424067/products/ts4ay9upsgp7cygxosa5.jpg'),(192,8,'https://res.cloudinary.com/martfury/image/upload/v1684424067/products/orpqrnutuxfwj7nkooy7.jpg'),(193,9,'https://res.cloudinary.com/martfury/image/upload/v1684424082/products/zdoqoz68fhk1astdd5fb.jpg'),(194,9,'https://res.cloudinary.com/martfury/image/upload/v1684424081/products/hveqq5agdc6demotf7nf.jpg'),(195,10,'https://res.cloudinary.com/martfury/image/upload/v1684424094/products/isx3zcrdtonhyuhsewe0.jpg'),(196,10,'https://res.cloudinary.com/martfury/image/upload/v1684424093/products/wamknruywdaxssmpqlg3.jpg'),(197,11,'https://res.cloudinary.com/martfury/image/upload/v1684424109/products/uimdjpsgxbtjhbujif75.jpg'),(198,11,'https://res.cloudinary.com/martfury/image/upload/v1684424110/products/ky3vxdue2cu58lkpdblh.jpg'),(199,12,'https://res.cloudinary.com/martfury/image/upload/v1684424128/products/ex3jaretciktlmmmosee.jpg'),(200,12,'https://res.cloudinary.com/martfury/image/upload/v1684424128/products/linwh0uuneldw84lp96u.jpg'),(201,13,'https://res.cloudinary.com/martfury/image/upload/v1684424154/products/pn4ffmy7qte7hqlvqq8p.jpg'),(202,13,'https://res.cloudinary.com/martfury/image/upload/v1684424153/products/s7zskhpwbuhsoxvwbe9i.jpg'),(203,14,'https://res.cloudinary.com/martfury/image/upload/v1684424174/products/hpv98rwqm17o4nofmkyt.jpg'),(204,14,'https://res.cloudinary.com/martfury/image/upload/v1684424174/products/ls3hhhed4gcibrc6zqrw.jpg'),(205,15,'https://res.cloudinary.com/martfury/image/upload/v1684424198/products/hcmbnn5ckngj1lsaguhz.jpg'),(206,15,'https://res.cloudinary.com/martfury/image/upload/v1684424198/products/zrdgtcho8k0zqxtmjrhy.jpg'),(207,16,'https://res.cloudinary.com/martfury/image/upload/v1684424234/products/tp90oyledmvlgcfumfgh.jpg'),(208,16,'https://res.cloudinary.com/martfury/image/upload/v1684424234/products/zfgilxvohac63xjc6rve.jpg'),(209,17,'https://res.cloudinary.com/martfury/image/upload/v1684424258/products/bpudl17zenlwo69nmig4.jpg'),(210,17,'https://res.cloudinary.com/martfury/image/upload/v1684424258/products/pj4hri6bp4ofn5uyumjg.jpg'),(211,18,'https://res.cloudinary.com/martfury/image/upload/v1684424280/products/ymvugq2ozdrhw4uzfdbw.jpg'),(212,18,'https://res.cloudinary.com/martfury/image/upload/v1684424279/products/ay4nljxt1pfmibazag7s.jpg'),(213,19,'https://res.cloudinary.com/martfury/image/upload/v1684424299/products/mhm2goiqdooqrzftbmbb.jpg'),(214,19,'https://res.cloudinary.com/martfury/image/upload/v1684424299/products/r1ievxorbgf10wcpxcou.jpg'),(215,20,'https://res.cloudinary.com/martfury/image/upload/v1684424318/products/cgncq1rwd7gyw6t7lppq.jpg'),(216,20,'https://res.cloudinary.com/martfury/image/upload/v1684424318/products/g5iftccs8dmfs5ejzjgy.jpg'),(217,21,'https://res.cloudinary.com/martfury/image/upload/v1684424330/products/oqdx5ol8d6es8nmlluqd.jpg'),(218,21,'https://res.cloudinary.com/martfury/image/upload/v1684424330/products/kdywpdlybemfa9vnbam2.jpg'),(219,22,'https://res.cloudinary.com/martfury/image/upload/v1684424350/products/eqpzgxijvpgamu6cjohi.jpg'),(220,22,'https://res.cloudinary.com/martfury/image/upload/v1684424350/products/t7z075sd2lahdzdyricc.jpg'),(221,23,'https://res.cloudinary.com/martfury/image/upload/v1684424364/products/fu9aqo9t1at2l3g4s7ji.jpg'),(222,23,'https://res.cloudinary.com/martfury/image/upload/v1684424364/products/yggntaogkv1wwgcmqzjl.jpg'),(223,24,'https://res.cloudinary.com/martfury/image/upload/v1684424380/products/iefsfvfjwev1ae0xsehy.jpg'),(224,24,'https://res.cloudinary.com/martfury/image/upload/v1684424380/products/xszwjddd7dvvf6c8kobq.jpg'),(225,25,'https://res.cloudinary.com/martfury/image/upload/v1684424398/products/ccyqpo8tajtutu856zwr.jpg'),(226,25,'https://res.cloudinary.com/martfury/image/upload/v1684424398/products/jgkyqiapcv1s72y6q8pg.jpg'),(227,26,'https://res.cloudinary.com/martfury/image/upload/v1684424409/products/c77zwussfxonpqk3ruci.jpg'),(228,26,'https://res.cloudinary.com/martfury/image/upload/v1684424409/products/n1t9sdhx4acm78rymkbx.jpg'),(229,27,'https://res.cloudinary.com/martfury/image/upload/v1684424422/products/imh3uc67suafqpy1jphl.jpg'),(230,27,'https://res.cloudinary.com/martfury/image/upload/v1684424422/products/dwj2vdp2aegeqsjgtiau.jpg'),(231,28,'https://res.cloudinary.com/martfury/image/upload/v1684424434/products/o676jhpkkgpxgynpe02o.jpg'),(232,28,'https://res.cloudinary.com/martfury/image/upload/v1684424433/products/vdwwwojhdywk3vdwefxb.jpg'),(233,29,'https://res.cloudinary.com/martfury/image/upload/v1684424455/products/bwbx0huoxgjazcxymunc.jpg'),(234,29,'https://res.cloudinary.com/martfury/image/upload/v1684424454/products/yen8ukyodyaqvc2hn85d.jpg'),(235,30,'https://res.cloudinary.com/martfury/image/upload/v1684424474/products/css7nntbwpgb5xvu1iki.jpg'),(236,30,'https://res.cloudinary.com/martfury/image/upload/v1684424474/products/w832nq6a7nstx8oiupye.jpg'),(237,31,'https://res.cloudinary.com/martfury/image/upload/v1684424488/products/yrlppl3u789ekixyjsqd.jpg'),(238,31,'https://res.cloudinary.com/martfury/image/upload/v1684424488/products/euazyfzkiizocv4j018e.jpg'),(239,32,'https://res.cloudinary.com/martfury/image/upload/v1684424505/products/ycl8jf90kytesexn9atf.jpg'),(240,32,'https://res.cloudinary.com/martfury/image/upload/v1684424505/products/oorupcnv7yb6xnmbcckh.jpg'),(241,33,'https://res.cloudinary.com/martfury/image/upload/v1684424522/products/djqtgbd1enw896mscrxk.jpg'),(242,33,'https://res.cloudinary.com/martfury/image/upload/v1684424521/products/x8rzk7il3gmwzivu24xp.jpg'),(243,34,'https://res.cloudinary.com/martfury/image/upload/v1684424534/products/ygmdvauzaogkfw4bsqcs.jpg'),(244,34,'https://res.cloudinary.com/martfury/image/upload/v1684424533/products/drtpyb9j02qfetomicil.jpg'),(245,35,'https://res.cloudinary.com/martfury/image/upload/v1684424546/products/s2jtgevcyotap0fpgfcp.jpg'),(246,35,'https://res.cloudinary.com/martfury/image/upload/v1684424545/products/mvfx2yy9s0fjyasnycom.jpg'),(247,36,'https://res.cloudinary.com/martfury/image/upload/v1684424558/products/quopjjnesuiawjflhmde.jpg'),(248,36,'https://res.cloudinary.com/martfury/image/upload/v1684424558/products/hxdhkjvqxsdwdcxwhyzc.jpg'),(249,37,'https://res.cloudinary.com/martfury/image/upload/v1684424594/products/gdvnxqioal3rasg6hcm8.jpg'),(250,37,'https://res.cloudinary.com/martfury/image/upload/v1684424594/products/yl38acjwesfxmkoaopio.jpg'),(251,38,'https://res.cloudinary.com/martfury/image/upload/v1684424607/products/exjzobccadcalygiyudg.jpg'),(252,38,'https://res.cloudinary.com/martfury/image/upload/v1684424606/products/xilb8jyawzhcovdgg6jf.jpg'),(253,39,'https://res.cloudinary.com/martfury/image/upload/v1684424620/products/qzsxynpdbff8zjkmqbkn.jpg'),(254,39,'https://res.cloudinary.com/martfury/image/upload/v1684424619/products/g1clnzkvtj9owmnakyvr.jpg'),(255,40,'https://res.cloudinary.com/martfury/image/upload/v1684424633/products/qwwcgq1lxpvdgqycmnz3.jpg'),(256,40,'https://res.cloudinary.com/martfury/image/upload/v1684424633/products/qors6lrr0tpygsx8vach.jpg'),(257,41,'https://res.cloudinary.com/martfury/image/upload/v1684424645/products/gipcqhd3tyjf4v26vmbd.jpg'),(258,41,'https://res.cloudinary.com/martfury/image/upload/v1684424645/products/vr5mrvr4tbsemlmfw37f.jpg'),(259,42,'https://res.cloudinary.com/martfury/image/upload/v1684424659/products/by5mniq1jqcadkauw7zf.jpg'),(260,42,'https://res.cloudinary.com/martfury/image/upload/v1684424659/products/ej71cywose00e48bhgd9.jpg'),(261,43,'https://res.cloudinary.com/martfury/image/upload/v1684424693/products/o0rl86j0ut007kkfzo3h.jpg'),(262,43,'https://res.cloudinary.com/martfury/image/upload/v1684424693/products/dp6newv8ubqwc3xlobnq.jpg'),(263,44,'https://res.cloudinary.com/martfury/image/upload/v1684424706/products/rddqa3dbejpt3zj0term.jpg'),(264,44,'https://res.cloudinary.com/martfury/image/upload/v1684424706/products/wkc1bc2xidhybnv5oseq.jpg'),(265,45,'https://res.cloudinary.com/martfury/image/upload/v1684424718/products/vxmu6tvwvqeunnhc3edo.jpg'),(266,45,'https://res.cloudinary.com/martfury/image/upload/v1684424718/products/cpvmmn7tt0bnhgsl3zul.jpg'),(267,46,'https://res.cloudinary.com/martfury/image/upload/v1684424731/products/dwivamychzi6pgemm8ea.jpg'),(268,46,'https://res.cloudinary.com/martfury/image/upload/v1684424732/products/hrbhueg7r71t7se4ghny.jpg'),(269,47,'https://res.cloudinary.com/martfury/image/upload/v1684424755/products/anla9embx5cmfllt3ptx.jpg'),(270,47,'https://res.cloudinary.com/martfury/image/upload/v1684424755/products/vwqdnfcokuxcs1mzoojo.jpg'),(271,48,'https://res.cloudinary.com/martfury/image/upload/v1684424772/products/pawjsvoues9wzucte2cb.jpg'),(272,48,'https://res.cloudinary.com/martfury/image/upload/v1684424772/products/a8yt6q58gbfbplthjt4a.jpg'),(273,49,'https://res.cloudinary.com/martfury/image/upload/v1684424783/products/j7fhwoqfzb7u4zvobflq.jpg'),(274,49,'https://res.cloudinary.com/martfury/image/upload/v1684424783/products/i4vhdywvcya1cdikgdso.jpg'),(275,50,'https://res.cloudinary.com/martfury/image/upload/v1684424796/products/iyybsfnukc7n25gxxzsf.jpg'),(276,50,'https://res.cloudinary.com/martfury/image/upload/v1684424796/products/gqneq3tfyfegppvktqd9.jpg'),(277,51,'https://res.cloudinary.com/martfury/image/upload/v1684424815/products/i1smg7bb0reyln5mkc8f.jpg'),(278,51,'https://res.cloudinary.com/martfury/image/upload/v1684424815/products/dotmxcftxcduiy6ejkto.jpg'),(279,52,'https://res.cloudinary.com/martfury/image/upload/v1684424830/products/bctsso2jrxdrbol4zlsd.jpg'),(280,52,'https://res.cloudinary.com/martfury/image/upload/v1684424829/products/lhakruavp8hyornc88ng.jpg'),(281,53,'https://res.cloudinary.com/martfury/image/upload/v1684424857/products/afuie7zumdbgcigdbuu8.jpg'),(282,53,'https://res.cloudinary.com/martfury/image/upload/v1684424856/products/jk2nqcdfj1xnce3dvydt.jpg'),(283,54,'https://res.cloudinary.com/martfury/image/upload/v1684424879/products/jh566cyugfelcsnk3tbc.jpg'),(284,54,'https://res.cloudinary.com/martfury/image/upload/v1684424880/products/tcecxvtff6jpnmv3sme0.jpg'),(285,55,'https://res.cloudinary.com/martfury/image/upload/v1684424901/products/fxe1ybqtljeajjbvsfie.jpg'),(286,55,'https://res.cloudinary.com/martfury/image/upload/v1684424901/products/kdmd0wpluoahijacrbsi.jpg'),(287,56,'https://res.cloudinary.com/martfury/image/upload/v1684424924/products/pnbekrebg4cw5urlkfye.jpg'),(288,56,'https://res.cloudinary.com/martfury/image/upload/v1684424924/products/g2kovz4ktckgkhhkbwqz.jpg'),(289,57,'https://res.cloudinary.com/martfury/image/upload/v1684424939/products/pvpzeibosqgk0wba3q73.jpg'),(290,57,'https://res.cloudinary.com/martfury/image/upload/v1684424939/products/klufqketrz9sggxbdlwv.jpg'),(291,58,'https://res.cloudinary.com/martfury/image/upload/v1684424952/products/azal0tfzrmmkvllob1ik.jpg'),(292,58,'https://res.cloudinary.com/martfury/image/upload/v1684424950/products/w0k9beqsdiun5k7dqk3b.jpg'),(293,59,'https://res.cloudinary.com/martfury/image/upload/v1684424967/products/cadluy9fgoqqveszux47.jpg'),(294,59,'https://res.cloudinary.com/martfury/image/upload/v1684424965/products/zj8aovzlpwim6pfub9k6.jpg'),(295,60,'https://res.cloudinary.com/martfury/image/upload/v1684420728/products/hxoomosipws17wlainrb.jpg'),(296,60,'https://res.cloudinary.com/martfury/image/upload/v1684420728/products/svihrqz41mbj36q8slpi.jpg'),(332,156,'https://res.cloudinary.com/martfury/image/upload/v1684427589/products/qs5kprmdod9b7v1pg6ll.jpg'),(333,156,'https://res.cloudinary.com/martfury/image/upload/v1684427590/products/s9aibe2w3x0adepdrov7.jpg'),(334,156,'https://res.cloudinary.com/martfury/image/upload/v1684427589/products/opqh5qvokkcmll6hroau.jpg'),(335,156,'https://res.cloudinary.com/martfury/image/upload/v1684427589/products/axkpkccxrchk2farpofe.jpg'),(336,156,'https://res.cloudinary.com/martfury/image/upload/v1684427589/products/vdx6eqxwm0vhovbyzn0m.jpg');
/*!40000 ALTER TABLE `images` ENABLE KEYS */;
UNLOCK TABLES;

--
-- Table structure for table `notification`
--

DROP TABLE IF EXISTS `notification`;
/*!40101 SET @saved_cs_client     = @@character_set_client */;
/*!50503 SET character_set_client = utf8mb4 */;
CREATE TABLE `notification` (
  `id` bigint NOT NULL AUTO_INCREMENT,
  `message` varchar(255) DEFAULT NULL,
  `status` bit(1) DEFAULT NULL,
  `time` datetime DEFAULT NULL,
  PRIMARY KEY (`id`)
) ENGINE=InnoDB AUTO_INCREMENT=80 DEFAULT CHARSET=utf8mb4 COLLATE=utf8mb4_0900_ai_ci;
/*!40101 SET character_set_client = @saved_cs_client */;

--
-- Dumping data for table `notification`
--

LOCK TABLES `notification` WRITE;
/*!40000 ALTER TABLE `notification` DISABLE KEYS */;
INSERT INTO `notification` VALUES (1,'Trần Hữu Đồng đã đặt một đơn hàng (1)',_binary '','2022-03-20 22:18:21'),(2,'Trần Hữu Đồng đã đặt một đơn hàng (2)',_binary '','2022-03-20 22:38:14'),(3,'Trần Hữu Đồng đã đặt một đơn hàng (3)',_binary '','2022-03-20 22:47:49'),(4,'Trần Hữu Đồng đã đặt một đơn hàng (4)',_binary '','2022-03-20 22:54:49'),(5,'Trần Hữu Đồng đã đặt một đơn hàng (5)',_binary '','2022-03-20 23:11:09'),(6,'Trần Hữu Đồng đã đặt một đơn hàng (6)',_binary '','2022-03-20 23:16:10'),(7,'Trần Hữu Đồng đã đặt một đơn hàng (7)',_binary '','2022-03-20 23:29:46'),(8,'Trần Hữu Đồng đã đặt một đơn hàng (8)',_binary '','2022-03-20 23:31:38'),(9,'Trần Thảo Chi đã đặt một đơn hàng (9)',_binary '','2022-03-23 20:53:51'),(10,'Trần Thảo Chi đã đặt một đơn hàng (10)',_binary '','2022-03-23 20:55:25'),(11,'Trần Hữu Đồng đã đặt một đơn hàng (11)',_binary '','2023-04-01 14:15:20'),(12,'ThuyDT đã đặt một đơn hàng (12)',_binary '','2023-04-01 22:32:22'),(13,'ThuyDT đã đặt một đơn hàng (13)',_binary '','2023-04-04 16:09:52'),(14,'ThuyDT đã đặt một đơn hàng (14)',_binary '','2023-04-08 16:47:18'),(15,'ThuyDT đã đặt một đơn hàng (15)',_binary '','2023-04-08 18:03:43'),(16,'ThuyDT đã đặt một đơn hàng (16)',_binary '','2023-04-08 21:18:26'),(17,'ThuyDT đã đặt một đơn hàng (17)',_binary '','2023-04-14 09:43:35'),(18,'ThuyDT đã đặt một đơn hàng (18)',_binary '','2023-04-16 17:49:54'),(19,'ThuyDT đã đặt một đơn hàng (19)',_binary '','2023-04-16 22:22:33'),(20,'ThuyDT đã đặt một đơn hàng (20)',_binary '','2023-04-16 22:32:46'),(21,'ThuyDT đã đặt một đơn hàng (21)',_binary '','2023-04-16 22:44:03'),(22,'ThuyDT đã đặt một đơn hàng (22)',_binary '','2023-04-16 22:49:36'),(23,'ThuyDT đã đặt một đơn hàng (23)',_binary '','2023-04-18 10:24:10'),(24,'ThuyDT đã đặt một đơn hàng (24)',_binary '','2023-04-20 12:48:52'),(25,'ThuyDT đã đặt một đơn hàng (25)',_binary '','2023-04-20 13:40:20'),(26,'ThuyDT đã đặt một đơn hàng (26)',_binary '','2023-04-20 13:50:28'),(27,'ThuyDT đã đặt một đơn hàng (27)',_binary '','2023-04-20 13:52:34'),(28,'ThuyDT đã đặt một đơn hàng (28)',_binary '','2023-04-20 14:06:15'),(29,'ThuyDT đã đặt một đơn hàng (29)',_binary '','2023-04-20 15:23:18'),(30,'ThuyDT đã đặt một đơn hàng (30)',_binary '','2023-04-20 15:25:54'),(31,'ThuyDT đã đặt một đơn hàng (31)',_binary '','2023-04-20 16:05:06'),(32,'ThuyDT đã đặt một đơn hàng (32)',_binary '','2023-04-20 16:27:26'),(33,'ThuyDT đã đặt một đơn hàng (33)',_binary '','2023-04-20 16:51:05'),(34,'ThuyDT đã đặt một đơn hàng (34)',_binary '','2023-04-20 17:03:49'),(35,'ThuyDT đã đặt một đơn hàng (35)',_binary '','2023-04-20 17:10:45'),(36,'ThuyDT đã đặt một đơn hàng (36)',_binary '','2023-04-20 17:16:24'),(37,'ThuyDT đã đặt một đơn hàng (37)',_binary '','2023-04-20 17:22:55'),(38,'ThuyDT đã đặt một đơn hàng (38)',_binary '','2023-04-20 17:28:10'),(39,'ThuyDT đã đặt một đơn hàng (39)',_binary '','2023-04-21 10:08:28'),(40,'ThuyDT đã đặt một đơn hàng (40)',_binary '','2023-04-25 13:50:35'),(41,'ThuyDT đã đặt một đơn hàng (41)',_binary '','2023-04-25 13:55:52'),(42,'ThuyDT đã đặt một đơn hàng (42)',_binary '','2023-04-25 14:01:36'),(43,'ThuyDT đã đặt một đơn hàng (43)',_binary '','2023-04-25 14:08:45'),(44,'ThuyDT đã đặt một đơn hàng (44)',_binary '','2023-04-25 14:53:07'),(45,'thuydt.27092001@gmail.com đã đặt một đơn hàng (45)',_binary '','2023-04-25 15:11:03'),(46,'thuydt.27092001@gmail.com đã đặt một đơn hàng (46)',_binary '','2023-04-25 20:18:34'),(47,'ThuyDT đã đặt một đơn hàng (47)',_binary '','2023-04-28 10:26:00'),(48,'thuy đã huỷ một đơn hàng (46)',_binary '','2023-05-02 20:44:23'),(49,'thuy đã huỷ một đơn hàng (45)',_binary '','2023-05-02 20:57:50'),(50,'ThuyDT đã đặt một đơn hàng (48)',_binary '','2023-05-03 17:48:14'),(51,'ThuyDT đã đặt một đơn hàng (49)',_binary '','2023-05-06 01:23:48'),(52,'ThuyDT đã đặt một đơn hàng (50)',_binary '','2023-05-06 16:28:16'),(53,'ThuyDT đã đặt một đơn hàng (51)',_binary '','2023-05-06 16:33:06'),(54,'ThuyDT đã đặt một đơn hàng (52)',_binary '','2023-05-06 16:40:23'),(55,'ThuyDT đã đặt một đơn hàng (53)',_binary '','2023-05-06 16:41:34'),(56,'ThuyDT đã đặt một đơn hàng (54)',_binary '','2023-05-06 16:42:22'),(57,'ThuyDT đã đặt một đơn hàng (55)',_binary '','2023-05-06 16:45:02'),(58,'ThuyDT đã đặt một đơn hàng (56)',_binary '','2023-05-06 16:48:10'),(59,'ThuyDT đã đặt một đơn hàng (57)',_binary '','2023-05-06 16:49:22'),(60,'ThuyDT đã đặt một đơn hàng (58)',_binary '','2023-05-06 16:52:50'),(61,'ThuyDT đã đặt một đơn hàng (59)',_binary '','2023-05-06 17:13:44'),(62,'ThuyDT đã đặt một đơn hàng (60)',_binary '','2023-05-06 17:23:07'),(63,'ThuyDT đã huỷ một đơn hàng (60)',_binary '','2023-05-06 17:24:53'),(64,'ThuyDT đã đặt một đơn hàng (61)',_binary '','2023-05-06 18:07:30'),(65,'ThuyDT đã đặt một đơn hàng (62)',_binary '','2023-05-06 18:20:34'),(66,'ThuyDT đã đặt một đơn hàng (63)',_binary '','2023-05-07 00:00:14'),(67,'ThuyDT đã đặt một đơn hàng (64)',_binary '','2023-05-07 00:13:19'),(68,'ThuyDT đã đặt một đơn hàng (65)',_binary '','2023-05-07 00:22:03'),(69,'ThuyDT đã đặt một đơn hàng (66)',_binary '','2023-05-07 00:26:07'),(70,'ThuyDT đã đặt một đơn hàng (67)',_binary '','2023-05-07 00:36:26'),(71,'ThuyDT đã đặt một đơn hàng (68)',_binary '','2023-05-07 19:06:19'),(72,'ThuyDT đã đặt một đơn hàng (69)',_binary '','2023-05-09 21:46:25'),(73,'ThuyDT đã đặt một đơn hàng (70)',_binary '','2023-05-12 12:41:36'),(74,'ThuyDT đã huỷ một đơn hàng (69)',_binary '','2023-05-12 13:52:58'),(75,'ThuyDT đã đặt một đơn hàng (71)',_binary '\0','2023-05-15 16:56:36'),(76,'ThuyDT đã đặt một đơn hàng (73)',_binary '\0','2023-05-17 17:25:07'),(77,'ThuyDT đã đặt một đơn hàng (74)',_binary '\0','2023-05-17 17:27:11'),(78,'ThuyDT đã đặt một đơn hàng (75)',_binary '\0','2023-05-18 19:04:53'),(79,'ThuyDT đã đặt một đơn hàng (76)',_binary '','2023-05-18 23:43:58');
/*!40000 ALTER TABLE `notification` ENABLE KEYS */;
UNLOCK TABLES;

--
-- Table structure for table `order_details`
--

DROP TABLE IF EXISTS `order_details`;
/*!40101 SET @saved_cs_client     = @@character_set_client */;
/*!50503 SET character_set_client = utf8mb4 */;
CREATE TABLE `order_details` (
  `order_detail_id` bigint NOT NULL AUTO_INCREMENT,
  `price` double DEFAULT NULL,
  `quantity` int NOT NULL,
  `order_id` bigint DEFAULT NULL,
  `product_id` bigint DEFAULT NULL,
  `size` varchar(45) DEFAULT NULL,
  PRIMARY KEY (`order_detail_id`),
  KEY `FKjyu2qbqt8gnvno9oe9j2s2ldk` (`order_id`),
  KEY `FK4q98utpd73imf4yhttm3w0eax` (`product_id`),
  CONSTRAINT `FK4q98utpd73imf4yhttm3w0eax` FOREIGN KEY (`product_id`) REFERENCES `products` (`product_id`),
  CONSTRAINT `FKjyu2qbqt8gnvno9oe9j2s2ldk` FOREIGN KEY (`order_id`) REFERENCES `orders` (`orders_id`)
) ENGINE=InnoDB AUTO_INCREMENT=155 DEFAULT CHARSET=utf8mb4 COLLATE=utf8mb4_0900_ai_ci;
/*!40101 SET character_set_client = @saved_cs_client */;

--
-- Dumping data for table `order_details`
--

LOCK TABLES `order_details` WRITE;
/*!40000 ALTER TABLE `order_details` DISABLE KEYS */;
INSERT INTO `order_details` VALUES (1,25088000,1,1,23,NULL),(2,680200,1,1,27,NULL),(3,29392999.999999996,1,1,51,NULL),(4,43290000,1,1,9,NULL),(5,31000000,1,1,7,NULL),(6,31890000,1,1,5,NULL),(7,716000,1,1,25,NULL),(8,716000,1,1,24,NULL),(9,93000000,3,2,7,NULL),(10,129870000,3,2,8,NULL),(11,52170000,3,2,12,NULL),(12,50670000,3,2,13,NULL),(13,23220000,2,2,55,NULL),(14,4644000,3,2,32,NULL),(15,5092500,3,2,29,NULL),(16,3052800,2,2,28,NULL),(17,716000,1,2,24,NULL),(18,402380,1,2,41,NULL),(19,448799.99999999994,1,2,42,NULL),(20,34790000,1,3,3,NULL),(21,33390000,1,3,4,NULL),(22,31890000,1,3,5,NULL),(23,48990000,1,3,6,NULL),(24,30890000,1,3,10,NULL),(25,43290000,1,3,9,NULL),(26,43290000,1,3,8,NULL),(27,17390000,1,3,12,NULL),(28,50970000,3,4,11,NULL),(29,93000000,3,4,7,NULL),(30,129870000,3,4,9,NULL),(31,129870000,3,4,8,NULL),(32,92670000,3,4,10,NULL),(33,50970000,3,4,14,NULL),(34,50670000,3,4,13,NULL),(35,1980000,3,4,37,NULL),(36,68600,2,4,38,NULL),(37,81900,2,4,39,NULL),(38,14049000,3,4,40,NULL),(39,43180000,2,4,16,NULL),(40,7526400,3,4,21,NULL),(41,71221500,3,4,20,NULL),(42,82290600,3,4,22,NULL),(43,75264000,3,4,23,NULL),(44,29602000,4,4,47,NULL),(45,8982000,2,4,46,NULL),(46,25350000,2,4,52,NULL),(47,58785999.99999999,2,4,51,NULL),(48,9900800,2,4,50,NULL),(49,16580000,2,4,53,NULL),(50,27300000,2,5,36,NULL),(51,1320000,2,6,37,NULL),(52,137200,4,6,38,NULL),(53,163800,4,6,39,NULL),(54,14049000,3,6,40,NULL),(55,5423760,3,6,44,NULL),(56,6029100,3,6,43,NULL),(57,2243999.9999999995,5,6,42,NULL),(58,2414280,6,6,41,NULL),(59,30922500,7,6,45,NULL),(60,2148000,3,6,25,NULL),(61,3346200,5,6,26,NULL),(62,2720800,4,6,27,NULL),(63,3234330,3,6,31,NULL),(64,4074000,3,6,30,NULL),(65,5092500,3,6,29,NULL),(66,2762560,2,6,33,NULL),(67,4644000,3,6,32,NULL),(68,20340450,3,6,34,NULL),(69,32343300,3,6,35,NULL),(70,54600000,4,6,36,NULL),(71,402380,1,7,41,NULL),(72,31890000,1,8,5,NULL),(73,40950000,3,9,36,NULL),(74,66780000,2,9,4,NULL),(75,31890000,1,9,5,NULL),(76,43290000,1,9,8,NULL),(77,2762560,2,10,33,NULL),(78,3096000,2,10,32,NULL),(79,2156220,2,10,31,NULL),(80,43290000,1,11,8,NULL),(81,450000,1,12,3,NULL),(82,900000,2,13,3,NULL),(83,700000,1,14,10,NULL),(84,69000,1,15,53,NULL),(85,21759.999999999996,1,16,42,NULL),(86,450000,1,17,3,NULL),(87,890000,1,17,5,NULL),(88,900000,2,18,3,NULL),(89,1200000,2,18,4,NULL),(90,890000,1,18,5,NULL),(91,130000,1,19,8,NULL),(92,450000,1,20,3,NULL),(93,600000,1,21,4,NULL),(94,450000,1,22,3,NULL),(95,310400,2,23,33,NULL),(96,240000,2,23,7,NULL),(97,670000,1,24,6,NULL),(98,450000,1,25,12,NULL),(99,120000,1,25,13,NULL),(100,120000,1,26,7,NULL),(101,45750,1,27,45,NULL),(102,600000,1,28,4,NULL),(103,120000,1,29,13,NULL),(104,890000,1,30,5,NULL),(105,890000,1,31,5,NULL),(106,600000,1,32,4,NULL),(107,890000,1,33,5,NULL),(108,890000,1,34,5,NULL),(109,600000,1,35,4,NULL),(110,124000,1,36,24,NULL),(111,600000,1,37,4,NULL),(112,890000,1,38,5,NULL),(113,54000,1,39,58,NULL),(114,890000,1,40,5,NULL),(115,581000,1,41,10,NULL),(116,360000,1,42,12,NULL),(117,102000,1,43,7,NULL),(118,124800,1,44,8,NULL),(119,102000,1,45,7,NULL),(120,845500,1,46,5,NULL),(121,405000,1,46,3,NULL),(122,457500,1,47,45,NULL),(123,581000,1,47,10,NULL),(124,368600,2,48,33,NULL),(125,405000,1,49,3,'L'),(126,217599.99999999997,1,50,42,'S'),(127,124800,1,51,8,NULL),(128,409500,1,52,9,'S'),(129,405000,1,53,3,'S'),(130,621000,1,54,53,'S'),(131,534000,1,55,4,'S'),(132,409500,1,56,9,'S'),(133,534000,1,57,4,'S'),(134,534000,1,58,4,'S'),(135,845500,1,59,5,'S'),(136,534000,1,60,4,'S'),(137,112840,1,61,24,'S'),(138,292500,1,62,36,'S'),(139,308000,1,63,37,'S'),(140,250880,1,63,54,'L'),(141,656600,1,64,23,'S'),(142,143780,1,65,48,'XL'),(143,735000,1,66,52,'XL'),(144,184300,1,67,33,'L'),(145,534000,1,68,4,'S'),(146,323000,1,69,34,'S'),(147,323000,1,69,34,'XL'),(148,672000,2,70,56,'S'),(149,279000,1,71,41,'S'),(150,649900,1,71,6,'S'),(151,570000,1,72,60,'M'),(152,502500,1,74,18,'S'),(153,1435200,2,75,57,'S'),(154,534000,1,76,4,'S');
/*!40000 ALTER TABLE `order_details` ENABLE KEYS */;
UNLOCK TABLES;

--
-- Table structure for table `orders`
--

DROP TABLE IF EXISTS `orders`;
/*!40101 SET @saved_cs_client     = @@character_set_client */;
/*!50503 SET character_set_client = utf8mb4 */;
CREATE TABLE `orders` (
  `orders_id` bigint NOT NULL AUTO_INCREMENT,
  `address` varchar(255) DEFAULT NULL,
  `amount` double DEFAULT NULL,
  `order_date` datetime DEFAULT NULL,
  `phone` varchar(255) DEFAULT NULL,
  `status` int NOT NULL,
  `user_id` bigint DEFAULT NULL,
  `ship` double DEFAULT NULL,
  PRIMARY KEY (`orders_id`),
  KEY `FK32ql8ubntj5uh44ph9659tiih` (`user_id`),
  CONSTRAINT `FK32ql8ubntj5uh44ph9659tiih` FOREIGN KEY (`user_id`) REFERENCES `users` (`user_id`)
) ENGINE=InnoDB AUTO_INCREMENT=77 DEFAULT CHARSET=utf8mb4 COLLATE=utf8mb4_0900_ai_ci;
/*!40101 SET character_set_client = @saved_cs_client */;

--
-- Dumping data for table `orders`
--

LOCK TABLES `orders` WRITE;
/*!40000 ALTER TABLE `orders` DISABLE KEYS */;
INSERT INTO `orders` VALUES (1,'68, Phường Gia Thụy, Quận Long Biên, Thành phố Hà Nội',162773200,'2022-03-20 22:18:21','0916891997',2,3,30000),(2,'268, Xã Lương Sơn, Huyện Yên Lập, Tỉnh Phú Thọ',363286480,'2022-03-20 22:38:14','0916891997',2,3,30000),(3,'22, Xã Đàm Thuỷ, Huyện Trùng Khánh, Tỉnh Cao Bằng',283920000,'2022-03-20 22:47:49','0916891997',2,3,30000),(4,'68, Phường Thạch Quý, Thành phố Hà Tĩnh, Tỉnh Hà Tĩnh',1042882800,'2022-03-20 22:54:49','0916891997',2,3,30000),(5,'86, Xã Động Đạt, Huyện Phú Lương, Tỉnh Thái Nguyên',27300000,'2022-03-20 23:11:09','0916891997',2,3,30000),(6,'123, Xã Yên Hòa, Huyện Đà Bắc, Tỉnh Hoà Bình',198009780,'2022-03-20 23:16:10','0916891997',2,3,30000),(7,'123, Xã Phúc Sơn, Huyện Chiêm Hóa, Tỉnh Tuyên Quang',402380,'2022-03-20 23:29:46','0916891997',0,3,30000),(8,'123, Xã Thượng Ân, Huyện Ngân Sơn, Tỉnh Bắc Kạn',31890000,'2022-03-20 23:31:38','0916891997',0,3,30000),(9,'68, Xã Vạn Khánh, Huyện Vạn Ninh, Tỉnh Khánh Hòa',182910000,'2022-03-23 20:53:51','0916855648',2,4,30000),(10,'168, Xã Na Khê, Huyện Yên Minh, Tỉnh Hà Giang',8014780,'2022-03-23 20:55:25','0916855648',2,4,30000),(11,'dd, Phường Đồng Xuân, Quận Hoàn Kiếm, Thành phố Hà Nội',43290000,'2023-04-01 14:15:20','0916891997',0,3,30000),(12,'Số 99, Thắng Lợi - Thường Tín, Xã Thắng Lợi, Huyện Thường Tín, Thành phố Hà Nội',450000,'2023-04-01 22:32:22','0971549770',0,5,30000),(13,'Hà Nội, Xã Phúc Lộc, Huyện Ba Bể, Tỉnh Bắc Kạn',900000,'2023-04-04 16:09:52','0971549770',3,5,30000),(14,'123 xã đàn, Xã Thèn Sin, Huyện Tam Đường, Tỉnh Lai Châu',700000,'2023-04-08 16:47:18','0971549770',1,5,30000),(15,'123 abc, Xã Vĩnh Hưng, Huyện Bình Giang, Tỉnh Hải Dương',69000,'2023-04-08 18:03:43','0971549770',2,5,30000),(16,'6788, Xã Thượng Ân, Huyện Ngân Sơn, Tỉnh Bắc Kạn',21759.999999999996,'2023-04-08 21:18:26','0971549770',1,5,30000),(17,'A90, Xã Tân Lập, Huyện Lục Yên, Tỉnh Yên Bái',1340000,'2023-04-14 09:43:35','0971549770',2,5,30000),(18,'456, Xã Phúc Sơn, Huyện Tân Yên, Tỉnh Bắc Giang',2990000,'2023-04-16 17:49:54','0971549770',0,5,30000),(19,'456, Xã Yến Dương, Huyện Ba Bể, Tỉnh Bắc Kạn',160000,'2023-04-16 22:22:33','0971549770',0,5,30000),(20,'678, Xã Cây Thị, Huyện Đồng Hỷ, Tỉnh Thái Nguyên',450000,'2023-04-16 22:32:46','0971549770',0,5,30000),(21,'789, Xã Nậm Cha, Huyện Sìn Hồ, Tỉnh Lai Châu',900000,'2023-04-16 22:44:03','0971549770',3,5,30000),(22,'678, Xã Quảng Lâm, Huyện Đầm Hà, Tỉnh Quảng Ninh',480000,'2023-04-16 22:49:36','0971549770',0,5,30000),(23,'678, Xã Hà Hiệu, Huyện Ba Bể, Tỉnh Bắc Kạn',580400,'2023-04-18 10:24:10','0971549770',0,5,30000),(24,'số 9 , Thị trấn Đại Đình, Huyện Tam Đảo, Tỉnh Vĩnh Phúc',700000,'2023-04-20 12:48:52','0971549770',2,5,30000),(25,'A09, Xã Minh Dân, Huyện Hàm Yên, Tỉnh Tuyên Quang',600000,'2023-04-20 13:40:20','0971549770',0,5,30000),(26,'345A, Xã Giang Ma, Huyện Tam Đường, Tỉnh Lai Châu',150000,'2023-04-20 13:50:28','0971549770',0,5,30000),(27,'656, Xã Mường Lang, Huyện Phù Yên, Tỉnh Sơn La',75750,'2023-04-20 13:52:34','0971549770',0,5,30000),(28,'862, Xã Ma Ly Pho, Huyện Phong Thổ, Tỉnh Lai Châu',630000,'2023-04-20 14:06:14','0971549770',0,5,30000),(29,'A0, Xã Xuân Lập, Huyện Lâm Bình, Tỉnh Tuyên Quang',150000,'2023-04-20 15:23:18','0971549770',0,5,30000),(30,'567, Xã Ngọc Vân, Huyện Tân Yên, Tỉnh Bắc Giang',920000,'2023-04-20 15:25:54','0971549770',0,5,30000),(31,'456, Xã Tân Bình, Huyện Đầm Hà, Tỉnh Quảng Ninh',920000,'2023-04-20 16:05:06','0971549770',0,5,30000),(32,'567, Xã Đông Quan, Huyện Lộc Bình, Tỉnh Lạng Sơn',630000,'2023-04-20 16:27:26','0971549770',0,5,30000),(33,'123, Xã An Thịnh, Huyện Văn Yên, Tỉnh Yên Bái',920000,'2023-04-20 16:51:05','0971549770',0,5,30000),(34,'thu, Xã Song Pe, Huyện Bắc Yên, Tỉnh Sơn La',920000,'2023-04-20 17:03:49','0971549770',0,5,30000),(35,'567, Xã Hạ Giáp, Huyện Phù Ninh, Tỉnh Phú Thọ',630000,'2023-04-20 17:10:45','0971549770',0,5,30000),(36,'456, Xã Sín Chéng, Huyện Si Ma Cai, Tỉnh Lào Cai',154000,'2023-04-20 17:16:24','0971549770',0,5,30000),(37,'3455, Xã Chiềng Khừa, Huyện Mộc Châu, Tỉnh Sơn La',630000,'2023-04-20 17:22:55','0971549770',0,5,30000),(38,'3432, Xã Mường Than, Huyện Than Uyên, Tỉnh Lai Châu',920000,'2023-04-20 17:28:10','0971549770',0,5,30000),(39,'456, Xã Hà Hiệu, Huyện Ba Bể, Tỉnh Bắc Kạn',84000,'2023-04-21 10:08:28','0971549770',1,5,30000),(40,'A134, Xã Sơn Cương, Huyện Thanh Ba, Tỉnh Phú Thọ',920000,'2023-04-25 13:50:35','0971549770',0,5,30000),(41,'fdsfa, Xã Nội Thôn, Huyện Hà Quảng, Tỉnh Cao Bằng',611000,'2023-04-25 13:55:52','0971549770',2,5,30000),(42,'ew, Xã Đình Phùng, Huyện Bảo Lạc, Tỉnh Cao Bằng',390000,'2023-04-25 14:01:36','0971549770',1,5,30000),(43,'cdssa, Xã Bằng Vân, Huyện Ngân Sơn, Tỉnh Bắc Kạn',132000,'2023-04-25 14:08:45','0971549770',1,5,30000),(44,'sadsa, Xã Nam Sơn, Huyện Ba Chẽ, Tỉnh Quảng Ninh',154800,'2023-04-25 14:53:07','0971549770',2,5,30000),(45,'123, Xã Thượng Nông, Huyện Na Hang, Tỉnh Tuyên Quang',132000,'2023-04-25 15:11:03','0971549770',3,6,30000),(46,'123, Xã Sảng Tủng, Huyện Đồng Văn, Tỉnh Hà Giang',1280500,'2023-04-25 20:18:34','0971549770',3,6,30000),(47,'wq, Xã Tiến Dũng, Huyện Yên Dũng, Tỉnh Bắc Giang',1068500,'2023-04-28 10:26:00','0971549770',2,5,30000),(48,'fdsf, Phường Sông Bằng, Thành phố Cao Bằng, Tỉnh Cao Bằng',398600,'2023-05-03 17:48:14','0971549770',2,5,30000),(49,'A99, Xã Sóc Hà, Huyện Hà Quảng, Tỉnh Cao Bằng',435000,'2023-05-06 01:23:48','0971549770',0,5,30000),(50,'mt, Xã Quảng Lâm, Huyện Đầm Hà, Tỉnh Quảng Ninh',247599.99999999997,'2023-05-06 16:28:16','0971549770',0,5,30000),(51,'ewfwf, Xã Sĩ Bình, Huyện Bạch Thông, Tỉnh Bắc Kạn',154800,'2023-05-06 16:33:06','0971549770',0,5,30000),(52,'test, Phường Hồng Phong, Thị xã Đông Triều, Tỉnh Quảng Ninh',439500,'2023-05-06 16:40:23','0971549770',0,5,30000),(53,'h, Xã Đồng Ích, Huyện Lập Thạch, Tỉnh Vĩnh Phúc',435000,'2023-05-06 16:41:34','0971549770',0,5,30000),(54,'rewrw, Xã Yến Dương, Huyện Ba Bể, Tỉnh Bắc Kạn',651000,'2023-05-06 16:42:22','0971549770',2,5,30000),(55,'fds, Xã Lùng Cải, Huyện Bắc Hà, Tỉnh Lào Cai',564000,'2023-05-06 16:45:02','0971549770',2,5,30000),(56,'5657, Xã Thượng Hà, Huyện Bảo Lạc, Tỉnh Cao Bằng',439500,'2023-05-06 16:48:10','0971549770',0,5,30000),(57,'uuy, Xã Ngọc Đường, Thành phố Hà Giang, Tỉnh Hà Giang',564000,'2023-05-06 16:49:22','0971549770',0,5,30000),(58,'trytry, Xã Nhân Mục, Huyện Hàm Yên, Tỉnh Tuyên Quang',564000,'2023-05-06 16:52:50','0971549770',1,5,30000),(59,'hgfg, Thị trấn Phồn Xương, Huyện Yên Thế, Tỉnh Bắc Giang',875500,'2023-05-06 17:13:44','0971549770',2,5,30000),(60,'123, Phường Hàng Mã, Quận Hoàn Kiếm, Thành phố Hà Nội,\n(nhận hàng t2-t6)',564000,'2023-05-06 17:23:07','0971549770',3,5,30000),(61,'123, Xã Quảng Khê, Huyện Ba Bể, Tỉnh Bắc Kạn (Không giao hàng t7, CN)',142840,'2023-05-06 18:07:30','0971549770',2,5,30000),(62,'tét, Xã Cách Bi, Huyện Quế Võ, Tỉnh Bắc Ninh (tet)',322500,'2023-05-06 18:20:34','0971549770',2,5,30000),(63,'Một Thượng, Xã Thắng Lợi, Huyện Thường Tín, Thành phố Hà Nội (Chỉ nhận hàng từ thứ 2 - thứ 6)',588880,'2023-05-07 00:00:14','0971549770',1,5,30000),(64,'P99, Xã Bằng Thành, Huyện Pác Nặm, Tỉnh Bắc Kạn (Nhận hàng T7 và CN)',686600,'2023-05-07 00:13:19','0971549770',3,5,30000),(65,'P89, Thị trấn Si Ma Cai, Huyện Si Ma Cai, Tỉnh Lào Cai (Không nhận hàng buổi trưa)',173780,'2023-05-07 00:22:03','0971549770',1,5,30000),(66,'95PA, Xã Phú Bình, Huyện Chiêm Hóa, Tỉnh Tuyên Quang ( )',765000,'2023-05-07 00:26:07','0971549770',1,5,30000),(67,'P88, Xã Bộc Bố, Huyện Pác Nặm, Tỉnh Bắc Kạn (Nhận hàng t5-t6)',214300,'2023-05-07 00:36:26','0971549770',2,5,30000),(68,'sfsd, Xã Đà Vị, Huyện Na Hang, Tỉnh Tuyên Quang (sfdsd)',564000,'2023-05-07 19:06:19','0971549770',1,5,30000),(69,'test, Thị trấn Si Ma Cai, Huyện Si Ma Cai, Tỉnh Lào Cai (Test)',676000,'2023-05-09 21:46:25','0971549770',3,5,30000),(70,'92, Phường Bắc Cường, Thành phố Lào Cai, Tỉnh Lào Cai (thn)',702000,'2023-05-12 12:41:35','0971549770',2,5,30000),(71,'Thôn Một Thượng, Xã Thắng Lợi, Huyện Thường Tín, Thành phố Hà Nội ()',958900,'2023-05-15 16:56:36','0971549770',1,5,30000),(72,'test, Xã Xuân Nội, Huyện Trùng Khánh, Tỉnh Cao Bằng (null)',600000,'2023-05-17 17:24:56','0971549770',1,5,30000),(73,'test, Xã Xuân Nội, Huyện Trùng Khánh, Tỉnh Cao Bằng (null)',30000,'2023-05-17 17:25:07','0971549770',1,5,30000),(74,'9999, Xã Cốc Ly, Huyện Bắc Hà, Tỉnh Lào Cai (u7uyt)',532500,'2023-05-17 17:27:11','0971549770',2,5,30000),(75,'123, Xã Yến Dương, Huyện Ba Bể, Tỉnh Bắc Kạn (sdsad)',1465200,'2023-05-18 19:04:53','0971549770',1,5,30000),(76,'A99, Xã Cao Sơn, Huyện Bạch Thông, Tỉnh Bắc Kạn (giao giờ hành chính)',564000,'2023-05-18 23:43:58','0971549770',2,5,30000);
/*!40000 ALTER TABLE `orders` ENABLE KEYS */;
UNLOCK TABLES;

--
-- Table structure for table `products`
--

DROP TABLE IF EXISTS `products`;
/*!40101 SET @saved_cs_client     = @@character_set_client */;
/*!50503 SET character_set_client = utf8mb4 */;
CREATE TABLE `products` (
  `product_id` bigint NOT NULL AUTO_INCREMENT,
  `description` varchar(1000) DEFAULT NULL,
  `discount` int NOT NULL,
  `entered_date` date DEFAULT NULL,
  `name` varchar(255) DEFAULT NULL,
  `price` double DEFAULT NULL,
  `quantity` int NOT NULL,
  `sold` int NOT NULL,
  `status` bit(1) DEFAULT NULL,
  `category_id` bigint DEFAULT NULL,
  `branch` varchar(1000) DEFAULT NULL,
  `material` varchar(1000) DEFAULT NULL,
  `image` varchar(255) DEFAULT NULL,
  PRIMARY KEY (`product_id`),
  KEY `FKog2rp4qthbtt2lfyhfo32lsw9` (`category_id`),
  CONSTRAINT `FKog2rp4qthbtt2lfyhfo32lsw9` FOREIGN KEY (`category_id`) REFERENCES `categories` (`category_id`)
) ENGINE=InnoDB AUTO_INCREMENT=157 DEFAULT CHARSET=utf8mb4 COLLATE=utf8mb4_0900_ai_ci;
/*!40101 SET character_set_client = @saved_cs_client */;

--
-- Dumping data for table `products`
--

LOCK TABLES `products` WRITE;
/*!40000 ALTER TABLE `products` DISABLE KEYS */;
INSERT INTO `products` VALUES (3,'Đầm họa tiết là một mẫu mới, đây là mẫu che khuyết điểm rất tốt. Kể từ khi xuất hiện, đầm \nđã làm mưa làm gió mọi lĩnh vực thời trang đẹp, từ thời trang công sở, dự tiệc, dạo phố, đi biển,… và cả ở nhà. Với đầm công sở dáng xoè, các bạn gái có thể hóa thân thành một hình ảnh hoàn toàn mới, phong...',10,'2022-03-20','Đầm ngắn in họa tiết',450000,0,2,_binary '',1,' sandro','Vải chính: 80% len, 20% polyamide','https://res.cloudinary.com/martfury/image/upload/v1684409817/products/tl1dyfgqldy33uji6yzd.jpg'),(4,'Đây là một mẫu mới, che khuyết điểm rất tốt. Kể từ khi xuất hiện, đầm \nđã làm mưa làm gió mọi lĩnh vực thời trang đẹp, từ thời trang công sở, dự tiệc, dạo phố, đi biển,… và cả ở nhà. \nVới đầm công sở dáng xoè, các bạn gái có thể hóa thân thành một hình ảnh hoàn toàn mới, phong...',11,'2022-03-20','Đầm Xanh coban croptop',600000,8,5,_binary '',1,' sandro','Vải chính: 80% len, 20% polyamide','https://res.cloudinary.com/martfury/image/upload/v1684409997/products/rmdkkw3kd6qxfyakb55s.jpg'),(5,'Đầm họa tiết là một mẫ mới, đây là mẫu che khuyết điểm rất tốt. Kể từ khi xuất hiện, đầm \nđã làm mưa làm gió mọi lĩnh vực thời trang đẹp, từ thời trang công sở, dự tiệc, dạo phố, đi biển,… và cả ở nhà. Với đầm công sở dáng xoè, các bạn gái có thể hóa thân thành một hình ảnh hoàn toàn mới, phong...',5,'2022-03-20','Đầm  lụa hồng in họa tiết',890000,98,5,_binary '',1,' sandro','Vải chính: 80% len, 20% polyamide','https://res.cloudinary.com/martfury/image/upload/v1684410020/products/qiazw9sjiup91xiarlgd.jpg'),(6,'Đầm họa tiết là một mẫ mới, đây là mẫu che khuyết điểm rất tốt. Kể từ khi xuất hiện, đầm \nđã làm mưa làm gió mọi lĩnh vực thời trang đẹp, từ thời trang công sở, dự tiệc, dạo phố, đi biển,… và cả ở nhà. Với đầm công sở dáng xoè, các bạn gái có thể hóa thân thành một hình ảnh hoàn toàn mới, phong...',3,'2022-03-20','Đầm sơ mi phối dây thắt eo',670000,99,2,_binary '',1,' sandro','Vải chính: 80% len, 20% polyamide','https://res.cloudinary.com/martfury/image/upload/v1684410132/products/ncjvanatdmriuqunuimy.jpg'),(7,'Đầm họa tiết là một mẫu mới, đây là mẫu che khuyết điểm rất tốt. Kể từ khi xuất hiện, đầm   ',15,'2022-03-20','Đầm in họa tiết phối hàng khuy bọc',120000,100,7,_binary '',1,' sandro','Vải chính: 80% len, 20% polyamide','https://res.cloudinary.com/martfury/image/upload/v1684410175/products/oovukduwxmurvneecdbl.jpg'),(8,'Đầm họa tiết là một mẫu mới, đây là mẫu che khuyết điểm rất tốt. Kể từ khi xuất hiện, đầm ',4,'2022-03-20','Đầm dài quai rộng in họa tiết hoa',130000,99,9,_binary '',1,' sandro','Vải chính: 80% len, 20% polyamide','https://res.cloudinary.com/martfury/image/upload/v1684410199/products/th6qd7y8stui89ok4jd0.jpg'),(9,'Đầm họa tiết là một mẫu mới, đây là mẫu che khuyết điểm rất tốt. Kể từ khi xuất hiện, đầm ',9,'2022-03-20','Đần họa tiết scanf print',450000,100,5,_binary '',1,' sandro','Vải chính: 80% len, 20% polyamide','https://res.cloudinary.com/martfury/image/upload/v1684410219/products/tlfwx5pgyecewzfpihaj.jpg'),(10,'Đầm họa tiết là một mẫu mới, đây là mẫu che khuyết điểm rất tốt. Kể từ khi xuất hiện, đầm ',17,'2022-03-20','Đầm ngắn thiết kế phối cúc bọc',700000,98,6,_binary '',1,' sandro','Vải chính: 80% len, 20% polyamide','https://res.cloudinary.com/martfury/image/upload/v1684411041/products/bt0fljkpggqtjqykfchc.jpg'),(11,'Đầm họa tiết là một mẫu mới, đây là mẫu che khuyết điểm rất tốt. Kể từ khi xuất hiện, đầm ',13,'2022-03-20','Đầm sơ mi kẻ dọc',500000,100,3,_binary '',1,' sandro','Vải chính: 80% len, 20% polyamide','https://res.cloudinary.com/martfury/image/upload/v1684410234/products/hg2v5js8titqiwd0rzj0.jpg'),(12,'Đầm họa tiết là một mẫu mới, đây là mẫu che khuyết điểm rất tốt. Kể từ khi xuất hiện, đầm ',20,'2022-03-20','Đầm ngắn in họa tiết phối',450000,100,4,_binary '',1,' sandro','Vải chính: 80% len, 20% polyamide','https://res.cloudinary.com/martfury/image/upload/v1684410271/products/rh0hfkgzj0zr4f9sfymi.jpg'),(13,'Đầm họa tiết là một mẫu mới, đây là mẫu che khuyết điểm rất tốt. Kể từ khi xuất hiện, đầm ',8,'2022-03-20','Đầm đen tay phồng  dệt kim xếp nếp',120000,100,6,_binary '',1,' sandro','Vải chính: 80% len, 20% polyamide','https://res.cloudinary.com/martfury/image/upload/v1684410296/products/s87vtjdiduc41wg4anwi.jpg'),(14,'Đầm họa tiết là một mẫu mới, đây là mẫu che khuyết điểm rất tốt. Kể từ khi xuất hiện, đầm ',9,'2022-03-20','Đầm sơ mi kẻ sọc dáng dài',560000,100,3,_binary '',1,' sandro','Vải chính: 80% len, 20% polyamide','https://res.cloudinary.com/martfury/image/upload/v1684410310/products/x5398h3sim109rcm8l1y.jpg'),(15,'Đầm họa tiết là một mẫu mới, đây là mẫu che khuyết điểm rất tốt. Kể từ khi xuất hiện, đầm ',12,'2022-03-20','Đầm dài cut-out',670000,100,0,_binary '',1,' sandro','Vải chính: 80% len, 20% polyamide','https://res.cloudinary.com/martfury/image/upload/v1684411119/products/luevfa8hyj258avepdqk.jpg'),(16,' Form dáng đơn giản nhưng rất hiện đại, không quá kén dáng người mặc. Chất liệu vải may đẹp, chắc chắn, đường may tỉ mỉ, hiện đại.',3,'2022-03-20','Áo khoác phao trần bông',560000,100,2,_binary '',2,' sandro','Vải chính: 80% len, 20% polyamide','https://res.cloudinary.com/martfury/image/upload/v1684410346/products/ipmjmfrzwynexbmimc7s.jpg'),(17,' Form dáng đơn giản nhưng rất hiện đại, không quá kén dáng người mặc. Chất liệu vải may đẹp, chắc chắn, đường may tỉ mỉ, hiện đại.',5,'2022-03-20','Áo khoác denim dáng ngắn oversize',240000,100,0,_binary '',2,' sandro','Vải chính: 80% len, 20% polyamide','https://res.cloudinary.com/martfury/image/upload/v1684410356/products/xzrpwsquzhc3olr1we6q.jpg'),(18,' Form dáng đơn giản nhưng rất hiện đại, không quá kén dáng người mặc. Chất liệu vải may đẹp, chắc chắn, đường may tỉ mỉ, hiện đại.',25,'2022-03-20','Áo khoác denim tay ngắn',670000,99,1,_binary '',2,' sandro','Vải chính: 80% len, 20% polyamide','https://res.cloudinary.com/martfury/image/upload/v1684410367/products/enjrlixu29nmkpbqapgt.jpg'),(19,' Form dáng đơn giản nhưng rất hiện đại, không quá kén dáng người mặc. Chất liệu vải may đẹp, chắc chắn, đường may tỉ mỉ, hiện đại.',4,'2022-03-20','Áo khoác bò kẻ ô trám',670000,100,0,_binary '',2,' sandro','Vải chính: 80% len, 20% polyamide','https://res.cloudinary.com/martfury/image/upload/v1684410379/products/eg9s5mkqvjf2kqcmmgg1.jpg'),(20,' Form dáng đơn giản nhưng rất hiện đại, không quá kén dáng người mặc. Chất liệu vải may đẹp, chắc chắn, đường may tỉ mỉ, hiện đại.',5,'2022-03-20','Áo khoác bò kẻ hai màu xanh đen',760000,100,3,_binary '',2,' sandro','Vải chính: 80% len, 20% polyamide','https://res.cloudinary.com/martfury/image/upload/v1684410389/products/fqypzq8ftsszcfkkyiyj.jpg'),(21,' Form dáng đơn giản nhưng rất hiện đại, không quá kén dáng người mặc. Chất liệu vải may đẹp, chắc chắn, đường may tỉ mỉ, hiện đại.',2,'2022-03-20','Áo khoác tweed',140000,100,3,_binary '',2,' sandro','Vải chính: 80% len, 20% polyamide','https://res.cloudinary.com/martfury/image/upload/v1684410401/products/gvmysigxkaowozf8mmwt.jpg'),(22,' Form dáng đơn giản nhưng rất hiện đại, không quá kén dáng người mặc. Chất liệu vải may đẹp, chắc chắn, đường may tỉ mỉ, hiện đại.',2,'2022-03-20','Áo khoác nhiều chất liệu',340000,100,3,_binary '',2,' sandro','Vải chính: 80% len, 20% polyamide','https://res.cloudinary.com/martfury/image/upload/v1684410414/products/n93r00nfdcnrf6cixoez.jpg'),(23,' Form dáng đơn giản nhưng rất hiện đại, không quá kén dáng người mặc. Chất liệu vải may đẹp, chắc chắn, đường may tỉ mỉ, hiện đại.',2,'2022-03-20','Áo vest khoác tweed',670000,100,4,_binary '',2,' sandro','Vải chính: 80% len, 20% polyamide','https://res.cloudinary.com/martfury/image/upload/v1684410441/products/sqokwaqdkhhrhunzm8tq.jpg'),(24,' Form dáng đơn giản nhưng rất hiện đại, không quá kén dáng người mặc. Chất liệu vải may đẹp, chắc chắn, đường may tỉ mỉ, hiện đại.',9,'2022-03-20','Quần Jeans mài ống bó',124000,99,3,_binary '',4,' sandro','Vải chính: 80% len, 20% polyamide','https://res.cloudinary.com/martfury/image/upload/v1684410471/products/g6nbywluwnqjbfunuwab.jpg'),(25,' Form dáng đơn giản nhưng rất hiện đại, không quá kén dáng người mặc. Chất liệu vải may đẹp, chắc chắn, đường may tỉ mỉ, hiện đại.',7,'2022-03-20','Quần Jumpsuit DeNim',670000,100,4,_binary '',4,' sandro','Vải chính: 80% len, 20% polyamide','https://res.cloudinary.com/martfury/image/upload/v1684410482/products/svs8g4g0rfjeethk6ikb.jpg'),(26,' Form dáng đơn giản nhưng rất hiện đại, không quá kén dáng người mặc. Chất liệu vải may đẹp, chắc chắn, đường may tỉ mỉ, hiện đại.',1,'2022-03-20','Quần jeans ống suông grandient-effect',670000,100,5,_binary '',4,' sandro','Vải chính: 80% len, 20% polyamide','https://res.cloudinary.com/martfury/image/upload/v1684410491/products/uqyafvc19vmwoq2fk0cz.jpg'),(27,' Form dáng đơn giản nhưng rất hiện đại, không quá kén dáng người mặc. Chất liệu vải may đẹp, chắc chắn, đường may tỉ mỉ, hiện đại.',5,'2022-03-20','Quần dài ống rộng',720000,100,5,_binary '',4,' sandro','Vải chính: 80% len, 20% polyamide','https://res.cloudinary.com/martfury/image/upload/v1684410505/products/bxjgcyiamosoop1vaxsa.jpg'),(28,' Form dáng đơn giản nhưng rất hiện đại, không quá kén dáng người mặc. Chất liệu vải may đẹp, chắc chắn, đường may tỉ mỉ, hiện đại.',4,'2022-03-20','Quần dài lưng cao',850000,100,2,_binary '',4,' sandro','Vải chính: 80% len, 20% polyamide','https://res.cloudinary.com/martfury/image/upload/v1684410517/products/byj1drohggwhjo7qfyff.jpg'),(29,' Form dáng đơn giản nhưng rất hiện đại, không quá kén dáng người mặc. Chất liệu vải may đẹp, chắc chắn, đường may tỉ mỉ, hiện đại.',3,'2022-03-20','Quần suông In Daisy',670000,100,6,_binary '',4,' sandro','Vải chính: 80% len, 20% polyamide','https://res.cloudinary.com/martfury/image/upload/v1684410532/products/b6yocnltscsdxiq5qpgh.jpg'),(30,' Form dáng đơn giản nhưng rất hiện đại, không quá kén dáng người mặc. Chất liệu vải may đẹp, chắc chắn, đường may tỉ mỉ, hiện đại.',2,'2022-03-20','Quần tây ống suông',990000,100,3,_binary '',4,' sandro','Vải chính: 80% len, 20% polyamide','https://res.cloudinary.com/martfury/image/upload/v1684410546/products/o6r01vds60bigqvwsk7x.jpg'),(31,' Form dáng đơn giản nhưng rất hiện đại, không quá kén dáng người mặc. Chất liệu vải may đẹp, chắc chắn, đường may tỉ mỉ, hiện đại.',1,'2022-03-20','Quần kaki dệt kim ngân',999000,100,5,_binary '',4,' sandro','Vải chính: 80% len, 20% polyamide','https://res.cloudinary.com/martfury/image/upload/v1684410577/products/it2u2zkza6bfytms95au.jpg'),(32,' Form dáng đơn giản nhưng rất hiện đại, không quá kén dáng người mặc. Chất liệu vải may đẹp, chắc chắn, đường may tỉ mỉ, hiện đại.',5,'2022-03-20','Quần dài đen bó sát',340000,100,8,_binary '',4,' sandro','Vải chính: 80% len, 20% polyamide','https://res.cloudinary.com/martfury/image/upload/v1684410595/products/okb1dlckq3q9ujhpuogq.jpg'),(33,' Form dáng đơn giản nhưng rất hiện đại, không quá kén dáng người mặc. Chất liệu vải may đẹp, chắc chắn, đường may tỉ mỉ, hiện đại.',3,'2022-03-20','Quần hồng ống suông',190000,97,7,_binary '',4,' sandro','Vải chính: 80% len, 20% polyamide','https://res.cloudinary.com/martfury/image/upload/v1684410625/products/mz2xrsddzuulcrm0aw3c.jpg'),(34,' Form dáng đơn giản nhưng rất hiện đại, không quá kén dáng người mặc. Chất liệu vải may đẹp, chắc chắn, đường may tỉ mỉ, hiện đại.',5,'2022-03-20','Quần dài dệt kim',340000,100,3,_binary '',4,' sandro','Vải chính: 80% len, 20% polyamide','https://res.cloudinary.com/martfury/image/upload/v1684410638/products/j50j4dv0vrqs7ybl8ger.jpg'),(35,' Form dáng đơn giản nhưng rất hiện đại, không quá kén dáng người mặc. Chất liệu vải may đẹp, chắc chắn, đường may tỉ mỉ, hiện đại.',1,'2022-03-20','Quần dài jacquard tone-on-tone',250000,100,3,_binary '',4,' sandro','Vải chính: 80% len, 20% polyamide','https://res.cloudinary.com/martfury/image/upload/v1684410660/products/pwvtcj76xklccshxyqck.jpg'),(36,' Form dáng đơn giản nhưng rất hiện đại, không quá kén dáng người mặc. Chất liệu vải may đẹp, chắc chắn, đường may tỉ mỉ, hiện đại.',35,'2022-03-20','Quần kẻ ngang hai màu xanh trắng',450000,99,10,_binary '',4,' sandro','Vải chính: 80% len, 20% polyamide','https://res.cloudinary.com/martfury/image/upload/v1684410672/products/gs9ffedznhnpsmomfqoe.jpg'),(37,' Form dáng đơn giản nhưng rất hiện đại, không quá kén dáng người mặc. Chất liệu vải may đẹp, chắc chắn, đường may tỉ mỉ, hiện đại.',45,'2022-03-20','Áo len dệt kim Pointelle',560000,100,5,_binary '',3,' sandro','Vải chính: 80% len, 20% polyamide','https://res.cloudinary.com/martfury/image/upload/v1684410690/products/wg3wayetkkimwan5nrwt.jpg'),(38,' Form dáng đơn giản nhưng rất hiện đại, không quá kén dáng người mặc. Chất liệu vải may đẹp, chắc chắn, đường may tỉ mỉ, hiện đại.',30,'2022-03-20','Áo len sweater mỏng',490000,100,6,_binary '',3,' sandro','Vải chính: 80% len, 20% polyamide','https://res.cloudinary.com/martfury/image/upload/v1684410701/products/aobrn5jls9dkezecb7dh.jpg'),(39,' Form dáng đơn giản nhưng rất hiện đại, không quá kén dáng người mặc. Chất liệu vải may đẹp, chắc chắn, đường may tỉ mỉ, hiện đại.',35,'2022-03-20','Áo len cardigan',630000,100,6,_binary '',3,' sandro','Vải chính: 71% polyester, 4% elastane, 25% viscose; Vải phụ: 84% linen, 16% polyamide','https://res.cloudinary.com/martfury/image/upload/v1684410711/products/mth5a6q2ysqcpzdlcxrg.jpg'),(40,' Form dáng đơn giản nhưng rất hiện đại, không quá kén dáng người mặc. Chất liệu vải may đẹp, chắc chắn, đường may tỉ mỉ, hiện đại.',30,'2022-03-20','Áo  sweater nỉ phối thêu',670000,100,6,_binary '',3,' sandro','Vải chính: 80% len, 20% polyamide','https://res.cloudinary.com/martfury/image/upload/v1684410724/products/qgseozqi1ang1kcs9gtz.jpg'),(41,' Form dáng đơn giản nhưng rất hiện đại, không quá kén dáng người mặc. Chất liệu vải may đẹp, chắc chắn, đường may tỉ mỉ, hiện đại.',38,'2022-03-20','Áo sweater dệt kim Pointelle',450000,100,7,_binary '',3,' sandro','Vải chính: 80% len, 20% polyamide','https://res.cloudinary.com/martfury/image/upload/v1684410741/products/tq287gc30awpkn7jux7g.jpg'),(42,' Form dáng đơn giản nhưng rất hiện đại, không quá kén dáng người mặc. Chất liệu vải may đẹp, chắc chắn, đường may tỉ mỉ, hiện đại.',32,'2022-03-20','Áo sweater cổ V xoắn',320000,100,6,_binary '',3,' sandro','Vải chính: 80% len, 20% polyamide','https://res.cloudinary.com/martfury/image/upload/v1684410757/products/uieb0epxbtlktibcey9s.jpg'),(43,' Form dáng đơn giản nhưng rất hiện đại, không quá kén dáng người mặc. Chất liệu vải may đẹp, chắc chắn, đường may tỉ mỉ, hiện đại.',37,'2022-03-20','Áo sweater xanh in chữ nổi',250000,100,3,_binary '',3,' sandro','Vải chính: 80% len, 20% polyamide','https://res.cloudinary.com/martfury/image/upload/v1684410772/products/ytz1gd4rw4svjrji8usa.jpg'),(44,' Form dáng đơn giản nhưng rất hiện đại, không quá kén dáng người mặc. Chất liệu vải may đẹp, chắc chắn, đường may tỉ mỉ, hiện đại.',38,'2022-03-20','Áo len cổ poplin',670000,100,3,_binary '',3,' sandro','Vải chính: 80% len, 20% polyamide','https://res.cloudinary.com/martfury/image/upload/v1684410796/products/adwabozc367bwvduwe1f.jpg'),(45,' Form dáng đơn giản nhưng rất hiện đại, không quá kén dáng người mặc. Chất liệu vải may đẹp, chắc chắn, đường may tỉ mỉ, hiện đại.',25,'2022-03-20','Áo sweatershirt cotton phối chữ',610000,99,8,_binary '',3,' sandro','Vải chính: 80% len, 20% polyamide','https://res.cloudinary.com/martfury/image/upload/v1684410811/products/drlj1bu5ndb30dofleu9.jpg'),(46,' Form dáng đơn giản nhưng rất hiện đại, không quá kén dáng người mặc. Chất liệu vải may đẹp, chắc chắn, đường may tỉ mỉ, hiện đại.',10,'2022-03-20','Chân váy họa tiết phối khuy dáng suông',780000,100,2,_binary '',5,' sandro','Vải chính: 80% len, 20% polyamide','https://res.cloudinary.com/martfury/image/upload/v1684410823/products/md64zu015av57gkqghiu.jpg'),(47,' Form dáng đơn giản nhưng rất hiện đại, không quá kén dáng người mặc. Chất liệu vải may đẹp, chắc chắn, đường may tỉ mỉ, hiện đại.',5,'2022-03-20','Chân váy tweed ngắn',320000,100,4,_binary '',5,' sandro','Vải chính: 80% len, 20% polyamide','https://res.cloudinary.com/martfury/image/upload/v1684410837/products/aaaua0glux4juuwebovb.jpg'),(48,' Form dáng đơn giản nhưng rất hiện đại, không quá kén dáng người mặc. Chất liệu vải may đẹp, chắc chắn, đường may tỉ mỉ, hiện đại.',9,'2022-03-20','Chân váy đuôi cá',158000,100,0,_binary '',5,' sandro','Vải chính: 80% len, 20% polyamide','https://res.cloudinary.com/martfury/image/upload/v1684410849/products/qhbvc7zwj4nbypln1b26.jpg'),(49,' Form dáng đơn giản nhưng rất hiện đại, không quá kén dáng người mặc. Chất liệu vải may đẹp, chắc chắn, đường may tỉ mỉ, hiện đại.',21,'2022-03-20','Váy giả quần kẻ sọc',567000,100,0,_binary '',5,' sandro','Vải chính: 80% len, 20% polyamide','https://res.cloudinary.com/martfury/image/upload/v1684410871/products/xmrrdwnnqrx69bi4qbkx.jpg'),(50,' Form dáng đơn giản nhưng rất hiện đại, không quá kén dáng người mặc. Chất liệu vải may đẹp, chắc chắn, đường may tỉ mỉ, hiện đại.',9,'2022-03-20','Chân basic nâu 2 tà',777000,100,2,_binary '',5,' sandro','Vải chính: 80% len, 20% polyamide','https://res.cloudinary.com/martfury/image/upload/v1684410886/products/msewaezfm2t7dtcbzahj.jpg'),(51,' Form dáng đơn giản nhưng rất hiện đại, không quá kén dáng người mặc. Chất liệu vải may đẹp, chắc chắn, đường may tỉ mỉ, hiện đại.',30,'2022-03-20','Chân váy xòe dáng dài',780000,100,3,_binary '',5,' sandro','Vải chính: 80% len, 20% polyamide','https://res.cloudinary.com/martfury/image/upload/v1684410899/products/zumlgodi5nbaeweca7ux.jpg'),(52,' Form dáng đơn giản nhưng rất hiện đại, không quá kén dáng người mặc. Chất liệu vải may đẹp, chắc chắn, đường may tỉ mỉ, hiện đại.',25,'2022-03-20','Chân váy ngắn kẻ sọc',980000,100,2,_binary '',5,' sandro','Vải chính: 80% len, 20% polyamide','https://res.cloudinary.com/martfury/image/upload/v1684410911/products/yuagca3umypu5vqnrkcw.jpg'),(53,' Form dáng đơn giản nhưng rất hiện đại, không quá kén dáng người mặc. Chất liệu vải may đẹp, chắc chắn, đường may tỉ mỉ, hiện đại.',10,'2022-03-20','Chân váy ngắn họa tiết hoa nhí',690000,98,4,_binary '',5,' sandro','Vải chính: 80% len, 20% polyamide','https://res.cloudinary.com/martfury/image/upload/v1684410930/products/nvk1aw3eu0chdfjhadqo.jpg'),(54,' Form dáng đơn giản nhưng rất hiện đại, không quá kén dáng người mặc. Chất liệu vải may đẹp, chắc chắn, đường may tỉ mỉ, hiện đại.',2,'2022-03-20','Chân váy xòe dáng dài họa tiết hoa',256000,100,0,_binary '',5,' sandro','Vải chính: 80% len, 20% polyamide','https://res.cloudinary.com/martfury/image/upload/v1684410943/products/rylmcawqrfw8mpklzw1z.jpg'),(55,' Form dáng đơn giản nhưng rất hiện đại, không quá kén dáng người mặc. Chất liệu vải may đẹp, chắc chắn, đường may tỉ mỉ, hiện đại.',10,'2022-03-20','Chân váy dệt kim dáng dài chữ A',560000,100,2,_binary '',5,' sandro','Vải chính: 80% len, 20% polyamide','https://res.cloudinary.com/martfury/image/upload/v1684410955/products/ddtuuxaoprjmrvwi8ng4.jpg'),(56,'Áo dệt kim họa tiết sóng nhiều màu, tay ngắn, cài khuy.\n• Áo dệt kim nữ Sandro\n• Các mẫu sóng nhiều màu chuyển sắc\n• Tay áo ngắn\n• Cài cúc\nSản phẩm này có thể kết hợp cùng quần short.',4,'2023-04-01','Áo sơ mi dệt kim',350000,148,2,_binary '',6,' sandro','Vải chính: 80% viscose, 18% polyamide, 2% elastane; Viền gân: 78% viscose, 21% polyamide, 1% elastane','https://res.cloudinary.com/martfury/image/upload/v1684410965/products/xojflqlj3dedbkus4seq.jpg'),(57,'Áo kết hợp giữa chất liệu có gân và sa tanh, có tay áo rộng, dài 3/4 với đường viền được thu lại, dây buộc ở phía sau và vai co giãn mang đến một cách khác để mặc trang phục.\nÁo vải hai lớp nữ Sandro\nÁo vest sọc\nTay và lưng bằng satin\nTay áo rộng có viền gom lại\nVai đàn hồi',8,'2023-04-01','Áo tay bồng vải kép',780000,50,0,_binary '',6,' sandro','Vải chính: 71% polyester, 4% elastane, 25% viscose; Vải phụ: 84% linen, 16% polyamide','https://res.cloudinary.com/martfury/image/upload/v1684410979/products/vua9gpasr4alvtpwvzia.jpg'),(58,'Áo crop top có đường viền cổ áo và peplum ở phía dưới, tay áo ngắn bồng bềnh, dây buộc bên hông và họa tiết khăn quàng cổ.\nÁo crop top nữ Sandro\nĐường viền cổ quấn quanh\nTay bồng\nDây buộc bên hông\nPeplum phía dưới\nHọa tiết khăn quàng cổ',11,'2023-04-01','Áo crotop dáng quấn',540000,50,0,_binary '',6,' sandro','Vải chính: 55% linen, 45% viscose; Vải phụ: 54% linen, 46% viscose','https://res.cloudinary.com/martfury/image/upload/v1684410989/products/ict4e2t1grdc8to7it7k.jpg'),(59,'Áo crop top có in hình khăn quàng cổ, tay áo dài bồng bềnh, đường viền cổ vuông với đường viền tương phản và cài khuy.\n\nÁo crop top nữ Sandro\nIn hình khăn quàng cổ\nTay áo dài rộng rãi\nNút bấm\nEo đàn hồi',10,'2023-04-01','Áo croptop đan móc ',320000,50,0,_binary '',6,' sandro','Vải chính: 55% linen, 45% viscose; Dải: 99% cotton, 1% polyamide; Ruy băng: 100% cotton','https://res.cloudinary.com/martfury/image/upload/v1684411005/products/mktlwfos1ldhuewl4eqp.jpg'),(60,'Áo sơ mi lụa được trang trí bằng họa tiết \"Party in the Kasbah\" do nghệ sĩ Louis Barthelemy thiết kế, có tay áo dài, cài khuy và khuy ở cổ tay áo.\n\n• Sơ mi lụa nữ Sandro\n• Tay áo dài\n• Họa tiết \"Party in the Kasbah\"\n• Khuy ở cổ tay áo\n• Đóng nút',5,'2023-04-01','Áo sơ mi lụa',600000,50,0,_binary '',6,' sandro','Vải chính: 100% lụa','https://res.cloudinary.com/martfury/image/upload/v1684411017/products/ypfuctko93alm7eitqki.jpg'),(156,'Áo sơ mi rộng có cổ, tay ngắn, có hàng cúc và được trang trí hình cây cọ.\n\n• Áo sơ mi nữ Sandro\n• Cổ áo sơ mi\n• Tay áo ngắn\n• Đóng nút\n\nSản phẩm này có thể kết hợp cùng quần short.\nViscose có trong trang phục này được làm từ cellulose từ các khu rừng được quản lý bền vững.',1,'2023-05-18','Áo sơ mi in rộng',900000,50,0,_binary '',1,' sandro','Vải chính: 50% viscose, 50% linen','https://res.cloudinary.com/martfury/image/upload/v1684427524/products/hidx4uur2ainq9anfqfm.jpg');
/*!40000 ALTER TABLE `products` ENABLE KEYS */;
UNLOCK TABLES;

--
-- Table structure for table `rates`
--

DROP TABLE IF EXISTS `rates`;
/*!40101 SET @saved_cs_client     = @@character_set_client */;
/*!50503 SET character_set_client = utf8mb4 */;
CREATE TABLE `rates` (
  `id` bigint NOT NULL AUTO_INCREMENT,
  `comment` varchar(255) DEFAULT NULL,
  `rate_date` datetime DEFAULT NULL,
  `rating` double DEFAULT NULL,
  `order_detail_id` bigint DEFAULT NULL,
  `product_id` bigint DEFAULT NULL,
  `user_id` bigint DEFAULT NULL,
  PRIMARY KEY (`id`),
  KEY `FKoesgfm245y1ula1pn74fw9mkk` (`order_detail_id`),
  KEY `FK4mdsmkrr7od84tpgxto2v3t2e` (`product_id`),
  KEY `FKanlgavwqngljux10mtly8qr6f` (`user_id`),
  CONSTRAINT `FK4mdsmkrr7od84tpgxto2v3t2e` FOREIGN KEY (`product_id`) REFERENCES `products` (`product_id`),
  CONSTRAINT `FKanlgavwqngljux10mtly8qr6f` FOREIGN KEY (`user_id`) REFERENCES `users` (`user_id`),
  CONSTRAINT `FKoesgfm245y1ula1pn74fw9mkk` FOREIGN KEY (`order_detail_id`) REFERENCES `order_details` (`order_detail_id`)
) ENGINE=InnoDB AUTO_INCREMENT=61 DEFAULT CHARSET=utf8mb4 COLLATE=utf8mb4_0900_ai_ci;
/*!40101 SET character_set_client = @saved_cs_client */;

--
-- Dumping data for table `rates`
--

LOCK TABLES `rates` WRITE;
/*!40000 ALTER TABLE `rates` DISABLE KEYS */;
INSERT INTO `rates` VALUES (1,' mua thôi !!!','2022-03-20 22:42:59',5,9,7,3),(2,'mua về nấu cơm cho mẹ !!! cho 5sao','2022-03-20 22:44:44',5,19,42,3),(3,'Hàng may hơi ẩu','2022-03-20 22:44:44',1,14,32,3),(4,'hàng đẹp nha các bạn','2022-03-20 22:44:44',4,13,55,3),(5,'Đẹp quá, nét hơn nyc!','2022-03-20 22:48:13',5,20,3,3),(6,'màu đẹp','2022-03-20 22:48:13',5,21,4,3),(7,'quá ưng luôn','2022-03-20 22:48:13',5,23,6,3),(8,'size chuẩn lắm ạ','2022-03-20 22:48:13',4,27,12,3),(9,'Shiper siêu dễ thương, hàng tạm ổn','2022-03-20 22:57:49',3,28,11,3),(10,'Shiper siêu dễ thương','2022-03-20 22:57:49',5,29,7,3),(11,'Shiper siêu dễ thương','2022-03-20 22:57:49',5,30,9,3),(12,'Shiper siêu dễ thương','2022-03-20 22:57:49',5,31,8,3),(13,'shop tư vấn nhiệt tình, hàng đẹp','2022-03-20 22:57:49',5,32,10,3),(14,'shop tư vấn nhiệt tình, hàng đẹp','2022-03-20 22:57:49',5,36,38,3),(15,'shop tư vấn nhiệt tình, tạm được','2022-03-20 22:57:49',2,37,39,3),(16,'shop tư vấn nhiệt tình, tạm được','2022-03-20 22:57:49',2,38,40,3),(17,'shop tư vấn nhiệt tình, hàng đẹp','2022-03-20 22:57:49',5,39,16,3),(18,'shop tư vấn nhiệt tình, hàng đẹp','2022-03-20 22:57:49',5,40,21,3),(19,'shop tư vấn nhiệt tình, hàng đẹp','2022-03-20 22:57:49',5,43,23,3),(20,'shop tư vấn nhiệt tình, hàng đẹp','2022-03-20 22:57:49',5,42,22,3),(21,'Mặc hơi rộng','2022-03-20 22:57:49',2,45,46,3),(22,'y như hình','2022-03-20 22:57:49',5,47,51,3),(23,'Chất vải tốt','2022-03-20 23:03:36',5,4,9,3),(24,'Tạm được','2022-03-20 23:03:36',3,5,7,3),(25,'Hàng đẹp quá','2022-03-20 23:04:58',5,44,47,3),(26,'Hàng đẹp quá','2022-03-20 23:04:58',5,49,53,3),(27,'cũng đẹp đấy','2022-03-20 23:10:07',4,16,28,3),(28,'quá đẹp luôn, mua đi ae','2022-03-20 23:10:07',5,17,24,3),(29,'Hàng đẹp quá','2022-03-20 23:11:35',5,50,36,3),(30,'hàng xấu, ae đừng mua nhé, vote 1 sao.','2022-03-20 23:13:00',1,35,37,3),(31,'Đẹp quá!','2022-03-20 23:17:05',5,66,33,3),(32,'Hàng đẹp quá','2022-03-20 23:17:05',5,67,32,3),(33,'Đẹp nhưng đắt quá!','2022-03-20 23:17:05',5,68,34,3),(35,'Hàng đẹp quá','2022-03-20 23:17:05',5,70,36,3),(36,'Hàng đẹp quá','2022-03-20 23:17:05',5,55,44,3),(37,'đẹp nha','2022-03-20 23:17:05',5,57,42,3),(38,'Hàng đẹp lắm ạ','2022-03-20 23:17:05',5,59,45,3),(39,'Hàng đẹp quá','2022-03-20 23:17:05',2,64,30,3),(40,'Tạm ổn','2022-03-20 23:40:15',3,33,14,3),(41,'Hàng đẹp quá','2022-03-23 20:57:59',4,73,36,4),(42,'xấu quá cho 1 sao','2022-03-23 20:58:47',1,78,32,4),(43,'Váy y như hình, chất liệu rất mát, lần sau sẽ ủng hộ shop tiếp ạ','2023-04-14 09:47:42',5,86,3,5),(44,'Đầm siêu đẹp chất mát lắm ạ','2023-04-14 09:47:42',4,87,5,5),(48,'Hang sieu dep a','2023-05-02 21:35:33',5,84,53,5),(49,NULL,'2023-05-03 18:30:06',5,97,6,5),(50,'Sản phẩm đúng như quảng cáo','2023-05-10 15:33:31',5,144,33,5),(58,'Hàng đẹp lắm ạ, shop tư vấn nhiệt tình, shipper thân thiện, giao hàng 2 ngày là đã có.','2023-05-18 23:25:19',5,152,18,5),(59,'hàng rộng, xấu lắm ạ','2023-05-18 23:41:13',1,144,33,5),(60,'Hàng đẹp lắm ạ,  nhưng mk đặt size S hơi chật, các bạn nên đặt tăng 1 size nhé','2023-05-18 23:46:30',4,154,4,5);
/*!40000 ALTER TABLE `rates` ENABLE KEYS */;
UNLOCK TABLES;

--
-- Table structure for table `user_roles`
--

DROP TABLE IF EXISTS `user_roles`;
/*!40101 SET @saved_cs_client     = @@character_set_client */;
/*!50503 SET character_set_client = utf8mb4 */;
CREATE TABLE `user_roles` (
  `user_id` bigint NOT NULL,
  `role_id` int NOT NULL,
  PRIMARY KEY (`user_id`,`role_id`),
  KEY `FKihg20vygk8qb8lw0s573lqsmq` (`role_id`),
  CONSTRAINT `FKhfh9dx7w3ubf1co1vdev94g3f` FOREIGN KEY (`user_id`) REFERENCES `users` (`user_id`),
  CONSTRAINT `FKihg20vygk8qb8lw0s573lqsmq` FOREIGN KEY (`role_id`) REFERENCES `app_roles` (`id`)
) ENGINE=InnoDB DEFAULT CHARSET=utf8mb4 COLLATE=utf8mb4_0900_ai_ci;
/*!40101 SET character_set_client = @saved_cs_client */;

--
-- Dumping data for table `user_roles`
--

LOCK TABLES `user_roles` WRITE;
/*!40000 ALTER TABLE `user_roles` DISABLE KEYS */;
INSERT INTO `user_roles` VALUES (3,1),(5,1),(6,1),(2,2),(7,2);
/*!40000 ALTER TABLE `user_roles` ENABLE KEYS */;
UNLOCK TABLES;

--
-- Table structure for table `users`
--

DROP TABLE IF EXISTS `users`;
/*!40101 SET @saved_cs_client     = @@character_set_client */;
/*!50503 SET character_set_client = utf8mb4 */;
CREATE TABLE `users` (
  `user_id` bigint NOT NULL AUTO_INCREMENT,
  `address` varchar(255) DEFAULT NULL,
  `email` varchar(255) DEFAULT NULL,
  `gender` bit(1) DEFAULT NULL,
  `image` varchar(255) DEFAULT NULL,
  `name` varchar(255) DEFAULT NULL,
  `password` varchar(255) DEFAULT NULL,
  `phone` varchar(255) DEFAULT NULL,
  `register_date` date DEFAULT NULL,
  `status` bit(1) DEFAULT NULL,
  `token` varchar(255) DEFAULT NULL,
  PRIMARY KEY (`user_id`)
) ENGINE=InnoDB AUTO_INCREMENT=8 DEFAULT CHARSET=utf8mb4 COLLATE=utf8mb4_0900_ai_ci;
/*!40101 SET character_set_client = @saved_cs_client */;

--
-- Dumping data for table `users`
--

LOCK TABLES `users` WRITE;
/*!40000 ALTER TABLE `users` DISABLE KEYS */;
INSERT INTO `users` VALUES (2,'Hà Nội','kaliroseshop2001@gmail.com',_binary '\0','https://res.cloudinary.com/martfury/image/upload/v1680360093/users/lhejvlaougvknsp9ubnk.jpg','KaliRose Shop','$2a$10$1ZhLyum1n7QkaLqis1U4quMjJMF6iZ5fcBnVY6WNgUqeAE2h9n09q','0971549770','2022-03-20',_binary '','eyJhbGciOiJIUzI1NiJ9.eyJzdWIiOiJncmVlbnlzaG9wLmFkbUBnbWFpbC5jb20iLCJzY29wZXMiOlt7ImF1dGhvcml0eSI6IlJPTEVfQURNSU4ifV0sImlzcyI6Imh0dHA6Ly9kZXZnbGFuLmNvbSIsImlhdCI6MTY0Nzc4MjE4MywiZXhwIjoxNjQ3ODAwMTgzfQ.cLQLN6HPjClhuJFdBro1WHKEKfA7wYbBa3Eg3uHfNAE'),(3,'Hà Tĩnh','huudong297@gmail.com',_binary '','https://res.cloudinary.com/martfury/image/upload/v1684317419/users/todkbfaysbprfbxe7tfk.jpg','Phạm Thị Loan','$2a$10$FMNO9C77S9/Pae4.V11muuxKL0zKF1rdvJITCzZG61mKjygtMRhwu','0916891997','2022-03-20',_binary '','eyJhbGciOiJIUzI1NiJ9.eyJzdWIiOiJ0aGFvY2hpNjQwNEBnbWFpbC5jb20iLCJzY29wZXMiOlt7ImF1dGhvcml0eSI6IlJPTEVfQURNSU4ifV0sImlzcyI6Imh0dHA6Ly9kZXZnbGFuLmNvbSIsImlhdCI6MTY0ODA0MzUzNywiZXhwIjoxNjQ4MDYxNTM3fQ.589LqMNNJ-NiF0s425cR_tfAr3cfhqf7rpQ_QU1AEIw'),(4,'Hà Tĩnh','thaochi6404@gmail.com',_binary '','https://res.cloudinary.com/martfury/image/upload/v1684317472/users/rvxbego1hhsgxz6hhmjg.jpg','Nguyễn Thị Thảo','$2a$10$EWTp2tH0Rc1osvewWztXM.ba02wWffEupaG0.jziUul7b8WYUal3K','0916855648','2022-03-23',_binary '\0','eyJhbGciOiJIUzI1NiJ9.eyJzdWIiOiJ0aGFvY2hpNjQwNEBnbWFpbC5jb20iLCJzY29wZXMiOlt7ImF1dGhvcml0eSI6IlJPTEVfQURNSU4ifV0sImlzcyI6Imh0dHA6Ly9kZXZnbGFuLmNvbSIsImlhdCI6MTY0ODA0MzUzNywiZXhwIjoxNjQ4MDYxNTM3fQ.589LqMNNJ-NiF0s425cR_tfAr3cfhqf7rpQ_QU1AEIw'),(5,'Thôn Một Thượng, Thắng Lợi, Thường Tín, TP.HN','daothithuy.27092001@gmail.com',_binary '','https://res.cloudinary.com/martfury/image/upload/v1683952618/users/d3x4glzjauznsw9ywozr.jpg','ThuyDT','$2a$10$MzVr77ldc1VsBgck.VZLJ.ohxJldY5nFzAd/OnaHhCIozqskPDZsa','0971549770','2023-04-01',_binary '','eyJhbGciOiJIUzI1NiJ9.eyJzdWIiOiJkYW90aGl0aHV5LjI3MDkyMDAxQGdtYWlsLmNvbSIsInNjb3BlcyI6W3siYXV0aG9yaXR5IjoiUk9MRV9BRE1JTiJ9XSwiaXNzIjoiaHR0cDovL2RldmdsYW4uY29tIiwiaWF0IjoxNjgwMzYyNzIzLCJleHAiOjE2ODAzODA3MjN9.50ZaEUw9r-mzUKcLl5cW_W9-x1qGWeLcPrfiJiCuixk'),(6,'Thắng Lợi, Thường Tín, Hà Nội','thuydt.27092001@gmail.com',_binary '\0','https://res.cloudinary.com/martfury/image/upload/v1682429348/users/n8nzlypbaqstcxfppj5n.jpg','thuy','$2a$10$ilf2j79mPChgVP76FeaQcehjMuHuYBCiNDTC0vifZCvUzZG8tDrbS','0971549770','2023-04-25',_binary '','eyJhbGciOiJIUzI1NiJ9.eyJzdWIiOiJ0aHV5ZHQuMjcwOTIwMDFAZ21haWwuY29tIiwic2NvcGVzIjpbeyJhdXRob3JpdHkiOiJST0xFX0FETUlOIn1dLCJpc3MiOiJodHRwOi8vZGV2Z2xhbi5jb20iLCJpYXQiOjE2ODI0MTAyNDEsImV4cCI6MTY4MjQyODI0MX0.GvJGRvKa_cwsdU3tQKtNE06_PFl0X3AenqgbX00dMp4'),(7,'thường tín','thaonoi2310@gmail.com',_binary '','https://res.cloudinary.com/martfury/image/upload/v1684047739/users/rhb2s8kkh7djhhyivulc.jpg','Nhân viên','$2a$10$f5cBiMZ4.MP8JIJrk2zZIOpev/wdnXe0qjd5NgXNoKPhjll0ruke2','0971549770','2023-05-14',_binary '','eyJhbGciOiJIUzI1NiJ9.eyJzdWIiOiJ0aGFvbm9pMjMxMEBnbWFpbC5jb20iLCJzY29wZXMiOlt7ImF1dGhvcml0eSI6IlJPTEVfQURNSU4ifV0sImlzcyI6Imh0dHA6Ly9kZXZnbGFuLmNvbSIsImlhdCI6MTY4NDA0Nzc0MSwiZXhwIjoxNjg0MDY1NzQxfQ.Y8z92baFUhBKSedB3GcvsXGmTLACBGDv-yKD-513T-s');
/*!40000 ALTER TABLE `users` ENABLE KEYS */;
UNLOCK TABLES;
/*!40103 SET TIME_ZONE=@OLD_TIME_ZONE */;

/*!40101 SET SQL_MODE=@OLD_SQL_MODE */;
/*!40014 SET FOREIGN_KEY_CHECKS=@OLD_FOREIGN_KEY_CHECKS */;
/*!40014 SET UNIQUE_CHECKS=@OLD_UNIQUE_CHECKS */;
/*!40101 SET CHARACTER_SET_CLIENT=@OLD_CHARACTER_SET_CLIENT */;
/*!40101 SET CHARACTER_SET_RESULTS=@OLD_CHARACTER_SET_RESULTS */;
/*!40101 SET COLLATION_CONNECTION=@OLD_COLLATION_CONNECTION */;
/*!40111 SET SQL_NOTES=@OLD_SQL_NOTES */;

-- Dump completed on 2023-05-20 17:22:48
